Workbook
Name Slicer_Destination: #N/A

Sheet Dashboard
D1: Apex DRP - Control Tower de Distribución
D2: Cargas Ineficientes | F2: FEFO en Riesgo | H2: Envíos Fantasma | J2: Huérfanas
D3: =Excepciones!B2 -> 361 | F3: =Excepciones!B3 -> 45 | H3: =Excepciones!B4 -> 51 | J3: =Excepciones!B5 -> 12
A4: Estado de Carga | B4: Órdenes
A5: CARGA INEFICIENTE | B5: 361
A6: n/a | B6: 12
A7: OK | B7: 732
A8: Grand Total | B8: 1105
A21: Row Labels | B21: Count of FEFO_Flag
A22: FEFO RIESGO | B22: 45
A23: n/a | B23: 12
A24: OK | B24: 1048
A25: Grand Total | B25: 1105

Sheet Transit_Enriched
A1: Order_ID | B1: Origin | C1: Destination | D1: Item_Code | E1: Quantity | F1: Dispatch_Date | G1: SAP_Status | H1: Qty_Quality | I1: Weight_kg | J1: Units_Per_Pallet | K1: Shelf_Life_Days | L1: Match_Status | M1: Dias_En_Transito
A2: SO-50312 | B2: PL-SUR | C2: CD-MER | D2: LAC-1013 | E2: 2260 | F2: 46173 | G2: In Transit | H2: OK | I2: 8.32 | J2: 98 | K2: 16 | L2: OK | M2: 4
A3: SO-50335 | B3: PL-NTE | C3: CD-HER | D3: LAC-1013 | E3: 2769 | F3: 46175 | G3: Delivered | H3: OK | I3: 8.32 | J3: 98 | K3: 16 | L3: OK | M3: 2
A4: SO-50334 | B4: PL-NTE | C4: CD-SAL | D4: ABA-1008 | E4: 2157 | F4: 46175 | G4: In Transit | H4: OK | I4: 10.6 | J4: 96 | K4: 445 | L4: OK | M4: 2
A5: SO-50098 | B5: PL-CEN | C5: CD-VER | D5: ABA-1008 | E5: 2130 | F5: 46174 | G5: In Transit | H5: OK | I5: 10.6 | J5: 96 | K5: 445 | L5: OK | M5: 3
A6: SO-50626 | B6: PL-SUR | C6: CD-LEO | D6: BOT-1001 | E6: 1998 | F6: 46175 | G6: Delivered | H6: OK | I6: 6.95 | J6: 66 | K6: 95 | L6: OK | M6: 2
A7: SO-51098 | B7: PL-CEN | C7: CD-TOL | D7: BOT-1001 | E7: 2091 | F7: 46170 | G7: In Transit | H7: OK | I7: 6.95 | J7: 66 | K7: 95 | L7: OK | M7: 7
A8: SO-51025 | B8: PL-SUR | C8: CD-CAN | D8: LAC-1003 | E8: 2320 | F8: 46162 | G8: In Transit | H8: OK | I8: 9.02 | J8: 114 | K8: 18 | L8: OK | M8: 15
A9: SO-50981 | B9: PL-SUR | C9: CD-GDL | D9: LAC-1003 | E9: 2296 | F9: 46176 | G9: In Transit | H9: OK | I9: 9.02 | J9: 114 | K9: 18 | L9: OK | M9: 1
A10: SO-50240 | B10: PL-CEN | C10: CD-PUE | D10: BOT-1009 | E10: 997 | F10: 46176 | G10: In Transit | H10: OK | I10: 5.25 | J10: 76 | K10: 104 | L10: OK | M10: 1
A11: SO-50101 | B11: PL-CEN | C11: CD-TOL | D11: BOT-1011 | E11: 2534 | F11: 46176 | G11: In Transit | H11: OK | I11: 3.43 | J11: 88 | K11: 109 | L11: OK | M11: 1
A12: SO-50596 | B12: PL-CEN | C12: CD-QRO | D12: BOT-1011 | E12: 2712 | F12: 46175 | G12: In Transit | H12: OK | I12: 3.43 | J12: 88 | K12: 109 | L12: OK | M12: 2
A13: SO-50083 | B13: PL-CEN | C13: CD-VER | D13: BEB-1005 | E13: 901 | F13: 46176 | G13: In Transit | H13: OK | I13: 14.2 | J13: 95 | K13: 277 | L13: OK | M13: 1
... A94: SO-51034 | B94: PL-NTE | C94: CD-MTY | D94: LAC-1008 | E94: 2025 | F94: 46165 | G94: In Transit | H94: OK | I94: 9.8 | J94: 83 | K94: 15 | L94: OK | M94: 12
A95: SO-50205 | B95: PL-CEN | C95: CD-TOL | D95: BEB-1016 | E95: 826 | F95: 46176 | G95: In Transit | H95: OK | J95: 98 | K95: 359 | L95: OK | M95: 1
A96: SO-50968 | B96: PL-NTE | C96: CD-HER | D96: PRO-1006 | E96: 1859 | F96: 46174 | G96: In Transit | H96: OK | I96: 12.09 | J96: 80 | K96: 138 | L96: OK | M96: 3
A97: SO-50890 | B97: PL-CEN | C97: CD-TOL | D97: PRO-1006 | E97: 1899 | F97: 46176 | G97: In Transit | H97: OK | I97: 12.09 | J97: 80 | K97: 138 | L97: OK | M97: 1
A98: SO-50591 | B98: PL-SUR | C98: CD-CAN | D98: LAC-1012 | E98: 609 | F98: 46173 | G98: In Transit | H98: OK | I98: 9.87 | J98: 88 | K98: 25 | L98: OK | M98: 4
A99: SO-50484 | B99: PL-NTE | C99: CD-SAL | D99: BEB-1007 | E99: 1491 | F99: 46176 | G99: In Transit | H99: OK | I99: 13.67 | J99: 78 | K99: 247 | L99: OK | M99: 1
A100: SO-50860 | B100: PL-CEN | C100: CD-CDMX | D100: PRO-1015 | E100: 3302 | F100: 46176 | G100: In Transit | H100: OK | I100: 6.16 | J100: 104 | K100: 67 | L100: OK | M100: 1
A101: SO-51069 | B101: PL-SUR | C101: CD-LEO | D101: ABA-1010 | E101: 2523 | F101: 46174 | G101: In Transit | H101: OK | I101: 8.75 | J101: 123 | K101: 341 | L101: OK | M101: 3
A102: SO-50712 | B102: PL-NTE | C102: CD-TIJ | D102: ABA-1019 | E102: 1279 | F102: 46173 | G102: In Transit | H102: OK | I102: 14.82 | J102: 132 | K102: 373 | L102: OK | M102: 4
A103: SO-50254 | B103: PL-SUR | C103: CD-GDL | D103: ABA-1003 | E103: 2461 | F103: 46176 | G103: In Transit | H103: OK | I103: 8.67 | J103: 124 | K103: 512 | L103: OK | M103: 1
A104: SO-50231 | B104: PL-NTE | C104: CD-CHI | D104: BEB-1003 | E104: 1039 | F104: 46175 | G104: In Transit | H104: OK | I104: 20.5 | J104: 64 | K104: 359 | L104: OK | M104: 2
A105: SO-51011 | B105: PL-SUR | C105: CD-LEO | D105: LAC-1005 | E105: 2399 | F105: 46166 | G105: In Transit | H105: OK | I105: 8.94 | J105: 100 | K105: 17 | L105: OK | M105: 11
A106: SO-50137 | B106: PL-CEN | C106: CD-TOL | D106: BEB-1004 | E106: 450 | F106: 46176 | G106: In Transit | H106: OK | I106: 21.99 | J106: 67 | K106: 213 | L106: OK | M106: 1
A107: SO-50767 | B107: PL-CEN | C107: CD-PUE | D107: ABA-1003 | E107: 943 | F107: 46176 | G107: In Transit | H107: OK | I107: 8.67 | J107: 124 | K107: 512 | L107: OK | M107: 1
... A152: SO-50732 | B152: PL-CEN | C152: CD-QRO | D152: BOT-1008 | E152: 1798 | F152: 46176 | G152: In Transit | H152: OK | I152: 3.48 | J152: 66 | K152: 112 | L152: OK | M152: 1
A153: SO-50633 | B153: PL-NTE | C153: CD-CHI | D153: BOT-1007 | E153: 3645 | F153: 46175 | G153: In Transit | H153: OK | J153: 49 | K153: 104 | L153: OK | M153: 2
A154: SO-50944 | B154: PL-SUR | C154: CD-LEO | D154: BOT-1013 | E154: 1536 | F154: 46176 | G154: In Transit | H154: OK | I154: 4 | J154: 58 | K154: 112 | L154: OK | M154: 1
A155: SO-50053 | B155: PL-SUR | C155: CD-MER | D155: BOT-1008 | E155: 1736 | F155: 46174 | G155: Delivered | H155: OK | I155: 3.48 | J155: 66 | K155: 112 | L155: OK | M155: 3
A156: SO-50018 | B156: PL-NTE | C156: CD-MTY | D156: BEB-1009 | E156: 1198 | F156: 46176 | G156: In Transit | H156: OK | I156: 18.17 | J156: 61 | K156: 188 | L156: OK | M156: 1
A157: SO-50029 | B157: PL-CEN | C157: CD-VER | D157: LAC-1014 | E157: 1147 | F157: 46175 | G157: In Transit | H157: OK | I157: 8.05 | J157: 147 | K157: 28 | L157: OK | M157: 2
A158: SO-50572 | B158: PL-SUR | C158: CD-LEO | D158: ABA-1005 | E158: 1646 | F158: 46175 | G158: In Transit | H158: OK | I158: 13.31 | J158: 89 | K158: 313 | L158: OK | M158: 2
A159: SO-50586 | B159: PL-NTE | C159: CD-MTY | D159: BEB-1016 | E159: 415 | F159: 46176 | G159: In Transit | H159: OK | J159: 98 | K159: 359 | L159: OK | M159: 1
A160: SO-50422 | B160: PL-SUR | C160: CD-LEO | D160: ABA-1003 | E160: 2305 | F160: 46176 | G160: In Transit | H160: OK | I160: 8.67 | J160: 124 | K160: 512 | L160: OK | M160: 1
A161: SO-50072 | B161: PL-CEN | C161: CD-VER | D161: LAC-1015 | E161: 1235 | F161: 46175 | G161: In Transit | H161: OK | I161: 11.26 | J161: 129 | K161: 24 | L161: OK | M161: 2
A162: SO-50159 | B162: PL-SUR | C162: CD-MER | D162: PRO-1010 | E162: 2215 | F162: 46176 | G162: In Transit | H162: OK | I162: 7.76 | J162: 86 | K162: 112 | L162: OK | M162: 1
A163: SO-50864 | B163: PL-SUR | C163: CD-LEO | D163: ABA-1015 | E163: 1030 | F163: 46175 | G163: In Transit | H163: OK | I163: 8.19 | J163: 82 | K163: 317 | L163: OK | M163: 2
A164: SO-50847 | B164: PL-NTE | C164: CD-TIJ | D164: BOT-1021 | E164: 709 | F164: 46176 | G164: In Transit | H164: OK | I164: 5.04 | J164: 47 | K164: 96 | L164: OK | M164: 1
A165: SO-50709 | B165: PL-NTE | C165: CD-SAL | D165: ABA-1017 | E165: 0 | F165: 46175 | G165: In Transit | H165: OK | I165: 10.96 | J165: 128 | K165: 520 | L165: OK | M165: 2
A166: SO-50971 | B166: PL-CEN | C166: CD-VER | D166: BEB-1020 | E166: 1317 | F166: 46174 | G166: In Transit | H166: OK | I166: 16.66 | J166: 85 | K166: 333 | L166: OK | M166: 3
A167: SO-50214 | B167: PL-NTE | C167: CD-HER | D167: LAC-1009 | E167: 1706 | F167: 46173 | G167: In Transit | H167: OK | I167: 11.01 | J167: 98 | K167: 16 | L167: OK | M167: 4
A168: SO-50464 | B168: PL-NTE | C168: CD-HER | D168: BOT-1000 | E168: 2001 | F168: 46176 | G168: In Transit | H168: OK | I168: 3.56 | J168: 64 | K168: 92 | L168: OK | M168: 1
A169: SO-50866 | B169: PL-NTE | C169: CD-SAL | D169: BOT-1012 | E169: 1036 | F169: 46175 | G169: In Transit | H169: OK | I169: 4.26 | J169: 68 | K169: 117 | L169: OK | M169: 2
A170: SO-50453 | B170: PL-CEN | C170: CD-TOL | D170: LAC-1002 | E170: 2910 | F170: 46176 | G170: In Transit | H170: OK | I170: 7.71 | J170: 101 | K170: 23 | L170: OK | M170: 1
A171: SO-50624 | B171: PL-CEN | C171: CD-TOL | D171: XXX-8415 | E171: 768 | F171: 46176 | G171: In Transit | H171: OK | L171: HUERFANO | M171: 1
A172: SO-50873 | B172: PL-CEN | C172: CD-CDMX | D172: LAC-1009 | E172: 1863 | F172: 46176 | G172: In Transit | H172: OK | I172: 11.01 | J172: 98 | K172: 16 | L172: OK | M172: 1
A173: SO-50887 | B173: PL-CEN | C173: CD-QRO | D173: PRO-1011 | E173: 2718 | F173: 46176 | G173: In Transit | H173: OK | I173: 4.36 | J173: 88 | K173: 108 | L173: OK | M173: 1
A174: SO-51086 | B174: PL-CEN | C174: CD-CDMX | D174: BOT-1017 | E174: 1098 | F174: 46174 | G174: In Transit | H174: OK | I174: 3.75 | J174: 41 | K174: 106 | L174: OK | M174: 3
A175: SO-50057 | B175: PL-SUR | C175: CD-CAN | D175: BEB-1007 | E175: 1515 | F175: 46176 | G175: In Transit | H175: OK | I175: 13.67 | J175: 78 | K175: 247 | L175: OK | M175: 1
A176: SO-50837 | B176: PL-SUR | C176: CD-MER | D176: ABA-1007 | E176: 2204 | F176: 46175 | G176: In Transit | H176: OK | I176: 9.79 | J176: 123 | K176: 334 | L176: OK | M176: 2
A177: SO-50060 | B177: PL-NTE | C177: CD-TIJ | D177: LAC-1012 | E177: 819 | F177: 46175 | G177: In Transit | H177: OK | I177: 9.87 | J177: 88 | K177: 25 | L177: OK | M177: 2
A178: SO-50737 | B178: PL-CEN | C178: CD-CDMX | D178: BEB-1007 | E178: 645 | F178: 46176 | G178: In Transit | H178: OK | I178: 13.67 | J178: 78 | K178: 247 | L178: OK | M178: 1
A179: SO-50403 | B179: PL-SUR | C179: CD-MOR | D179: BOT-1009 | E179: 2421 | F179: 46176 | G179: In Transit | H179: OK | I179: 5.25 | J179: 76 | K179: 104 | L179: OK | M179: 1
A180: SO-50636 | B180: PL-NTE | C180: CD-TIJ | D180: PRO-1001 | E180: 1008 | F180: 46174 | G180: In Transit | H180: OK | I180: 9.57 | J180: 92 | K180: 122 | L180: OK | M180: 3
A181: SO-50773 | B181: PL-CEN | C181: CD-QRO | D181: ABA-1000 | E181: 614 | F181: 46176 | G181: In Transit | H181: OK | I181: 15.2 | J181: 135 | K181: 361 | L181: OK | M181: 1
A182: SO-50820 | B182: PL-SUR | C182: CD-GDL | D182: BEB-1015 | E182: 347 | F182: 46176 | G182: In Transit | H182: OK | I182: 19.95 | J182: 78 | K182: 276 | L182: OK | M182: 1
A183: SO-50002 | B183: PL-NTE | C183: CD-CHI | D183: BOT-1011 | E183: 2595 | F183: 46175 | G183: In Transit | H183: OK | I183: 3.43 | J183: 88 | K183: 109 | L183: OK | M183: 2
... A196: SO-50273 | B196: PL-CEN | C196: CD-CDMX | D196: BOT-1018 | E196: 2153 | F196: 46176 | G196: In Transit | H196: OK | I196: 6.23 | J196: 78 | K196: 99 | L196: OK | M196: 1
A197: SO-50679 | B197: PL-NTE | C197: CD-HER | D197: BEB-1016 | E197: 1339 | F197: 46176 | G197: In Transit | H197: OK | J197: 98 | K197: 359 | L197: OK | M197: 1
A198: SO-50401 | B198: PL-NTE | C198: CD-SAL | D198: BOT-1015 | E198: 1653 | F198: 46175 | G198: In Transit | H198: OK | I198: 3.64 | J198: 62 | K198: 114 | L198: OK | M198: 2
A199: SO-50315 | B199: PL-CEN | C199: CD-CDMX | D199: BOT-1005 | E199: 777 | F199: 46176 | G199: In Transit | H199: OK | I199: 5.49 | J199: 62 | K199: 91 | L199: OK | M199: 1
A200: SO-50602 | B200: PL-SUR | C200: CD-MER | D200: ABA-1004 | E200: 1660 | F200: 46173 | G200: In Transit | H200: OK | I200: 12.85 | J200: 91 | K200: 297 | L200: OK | M200: 4
A201: SO-50809 | B201: PL-NTE | C201: CD-CHI | D201: PRO-1003 | E201: 1639 | F201: 46174 | G201: In Transit | H201: OK | I201: 13.9 | J201: 69 | K201: 106 | L201: OK | M201: 3
A202: SO-50654 | B202: PL-CEN | C202: CD-PUE | D202: BOT-1013 | E202: 1691 | F202: 46176 | G202: In Transit | H202: OK | I202: 4 | J202: 58 | K202: 112 | L202: OK | M202: 1
A203: SO-50161 | B203: PL-NTE | C203: CD-TIJ | D203: BEB-1020 | E203: 368 | F203: 46174 | G203: In Transit | H203: OK | I203: 16.66 | J203: 85 | K203: 333 | L203: OK | M203: 3
A204: SO-50614 | B204: PL-SUR | C204: CD-GDL | D204: PRO-1006 | E204: 1916 | F204: 46176 | G204: In Transit | H204: OK | I204: 12.09 | J204: 80 | K204: 138 | L204: OK | M204: 1
A205: SO-50892 | B205: PL-CEN | C205: CD-TOL | D205: PRO-1001 | E205: 850 | F205: 46176 | G205: In Transit | H205: OK | I205: 9.57 | J205: 92 | K205: 122 | L205: OK | M205: 1
A206: SO-50321 | B206: PL-NTE | C206: CD-TIJ | D206: BEB-1010 | E206: 852 | F206: 46172 | G206: In Transit | H206: OK | J206: 71 | K206: 192 | L206: OK | M206: 5
A207: SO-50037 | B207: PL-NTE | C207: CD-MTY | D207: PRO-1002 | E207: 2372 | F207: 46176 | G207: In Transit | H207: OK | I207: 9.7 | J207: 98 | K207: 115 | L207: OK | M207: 1
A208: SO-50844 | B208: PL-NTE | C208: CD-TIJ | D208: BEB-1003 | E208: 1107 | F208: 46176 | G208: In Transit | H208: OK | I208: 20.5 | J208: 64 | K208: 359 | L208: OK | M208: 1
A209: SO-50346 | B209: PL-SUR | C209: CD-CAN | D209: LAC-1002 | E209: 2449 | F209: 46176 | G209: In Transit | H209: OK | I209: 7.71 | J209: 101 | K209: 23 | L209: OK | M209: 1
A210: SO-51066 | B210: PL-CEN | C210: CD-CDMX | D210: BOT-1008 | E210: 2068 | F210: 46175 | G210: In Transit | H210: OK | I210: 3.48 | J210: 66 | K210: 112 | L210: OK | M210: 2
A211: SO-50604 | B211: PL-SUR | C211: CD-GDL | D211: PRO-1007 | E211: 1576 | F211: 46176 | G211: In Transit | H211: OK | I211: 13.13 | J211: 82 | K211: 105 | L211: OK | M211: 1
A212: SO-50041 | B212: PL-CEN | C212: CD-CDMX | D212: BEB-1013 | E212: 1125 | F212: 46176 | G212: In Transit | H212: OK | I212: 17.28 | J212: 97 | K212: 271 | L212: OK | M212: 1
A213: SO-50162 | B213: PL-SUR | C213: CD-LEO | D213: PRO-1005 | E213: 1862 | F213: 46176 | G213: In Transit | H213: OK | I213: 11.02 | J213: 69 | K213: 86 | L213: OK | M213: 1
A214: SO-50784 | B214: PL-NTE | C214: CD-SAL | D214: BEB-1010 | E214: 781 | F214: 46176 | G214: In Transit | H214: OK | J214: 71 | K214: 192 | L214: OK | M214: 1
A215: SO-50507 | B215: PL-NTE | C215: CD-CHI | D215: LAC-1014 | E215: 647 | F215: 46174 | G215: In Transit | H215: OK | I215: 8.05 | J215: 147 | K215: 28 | L215: OK | M215: 3
A216: SO-50824 | B216: PL-SUR | C216: CD-MER | D216: PRO-1008 | E216: 474 | F216: 46174 | G216: In Transit | H216: OK | I216: 11.98 | J216: 86 | K216: 123 | L216: OK | M216: 3
A217: SO-50294 | B217: PL-SUR | C217: CD-MOR | D217: ABA-1005 | E217: 690 | F217: 46175 | G217: In Transit | H217: OK | I217: 13.31 | J217: 89 | K217: 313 | L217: OK | M217: 2
A218: SO-50985 | B218: PL-SUR | C218: CD-MER | D218: BEB-1019 | E218: 636 | F218: 46175 | G218: In Transit | H218: OK | I218: 14.35 | J218: 70 | K218: 240 | L218: OK | M218: 2
A219: SO-50647 | B219: PL-SUR | C219: CD-MER | D219: LAC-1015 | E219: 2046 | F219: 46175 | G219: In Transit | H219: OK | I219: 11.26 | J219: 129 | K219: 24 | L219: OK | M219: 2
A220: SO-50861 | B220: PL-CEN | C220: CD-VER | D220: ABA-1012 | E220: 1301 | F220: 46176 | G220: In Transit | H220: OK | I220: 15.14 | J220: 117 | K220: 484 | L220: OK | M220: 1
A221: SO-50090 | B221: PL-SUR | C221: CD-MOR | D221: BOT-1018 | E221: 2110 | F221: 46176 | G221: In Transit | H221: OK | I221: 6.23 | J221: 78 | K221: 99 | L221: OK | M221: 1
A222: SO-50548 | B222: PL-CEN | C222: CD-QRO | D222: BEB-1015 | E222: 1074 | F222: 46176 | G222: Delivered | H222: OK | I222: 19.95 | J222: 78 | K222: 276 | L222: OK | M222: 1
A223: SO-50181 | B223: PL-NTE | C223: CD-TIJ | D223: BEB-1004 | E223: 873 | F223: 46173 | G223: In Transit | H223: OK | I223: 21.99 | J223: 67 | K223: 213 | L223: OK | M223: 4
A224: SO-50921 | B224: PL-NTE | C224: CD-HER | D224: PRO-1015 | E224: 2975 | F224: 46175 | G224: In Transit | H224: OK | I224: 6.16 | J224: 104 | K224: 67 | L224: OK | M224: 2
A225: SO-50243 | B225: PL-SUR | C225: CD-CAN | D225: PRO-1012 | E225: 3142 | F225: 46175 | G225: In Transit | H225: OK | I225: 6.87 | J225: 101 | K225: 62 | L225: OK | M225: 2
A226: SO-50286 | B226: PL-CEN | C226: CD-VER | D226: PRO-1005 | E226: 2034 | F226: 46174 | G226: In Transit | H226: OK | I226: 11.02 | J226: 69 | K226: 86 | L226: OK | M226: 3
... A237: SO-50750 | B237: PL-CEN | C237: CD-TOL | D237: BOT-1004 | E237: 1875 | F237: 46175 | G237: In Transit | H237: OK | I237: 4.43 | J237: 63 | K237: 115 | L237: OK | M237: 2
A238: SO-50801 | B238: PL-SUR | C238: CD-CAN | D238: BOT-1007 | E238: 2303 | F238: 46174 | G238: In Transit | H238: OK | J238: 49 | K238: 104 | L238: OK | M238: 3
A239: SO-50738 | B239: PL-CEN | C239: CD-PUE | D239: BOT-1013 | E239: 1637 | F239: 46176 | G239: In Transit | H239: OK | I239: 4 | J239: 58 | K239: 112 | L239: OK | M239: 1
A240: SO-50934 | B240: PL-CEN | C240: CD-VER | D240: PRO-1013 | E240: 423 | F240: 46174 | G240: In Transit | H240: OK | I240: 4.37 | J240: 58 | K240: 92 | L240: OK | M240: 3
A241: SO-50042 | B241: PL-NTE | C241: CD-HER | D241: BOT-1002 | E241: 1307 | F241: 46175 | G241: In Transit | H241: OK | I241: 3.02 | J241: 84 | K241: 111 | L241: OK | M241: 2
A242: SO-50328 | B242: PL-SUR | C242: CD-LEO | D242: BEB-1003 | E242: 1067 | F242: 46175 | G242: In Transit | H242: OK | I242: 20.5 | J242: 64 | K242: 359 | L242: OK | M242: 2
A243: SO-51103 | B243: PL-SUR | C243: CD-GDL | D243: BEB-1010 | E243: 188 | F243: 46168 | G243: In Transit | H243: OK | J243: 71 | K243: 192 | L243: OK | M243: 9
A244: SO-50560 | B244: PL-SUR | C244: CD-MER | D244: BEB-1008 | E244: 634 | F244: 46176 | G244: In Transit | H244: OK | I244: 17.47 | J244: 65 | K244: 216 | L244: OK | M244: 1
A245: SO-50419 | B245: PL-NTE | C245: CD-HER | D245: PRO-1010 | E245: 2592 | F245: 46174 | G245: In Transit | H245: OK | I245: 7.76 | J245: 86 | K245: 112 | L245: OK | M245: 3
A246: SO-50027 | B246: PL-NTE | C246: CD-CHI | D246: PRO-1008 | E246: 1113 | F246: 46176 | G246: In Transit | H246: OK | I246: 11.98 | J246: 86 | K246: 123 | L246: OK | M246: 1
...

Sheet Analisis_Transito
A1: {=Transit_Enriched[#All]} -> Order_ID | B1: Origin | C1: Destination | D1: Item_Code | E1: Quantity | F1: Dispatch_Date | G1: SAP_Status | H1: Qty_Quality | I1: Weight_kg | J1: Units_Per_Pallet | K1: Shelf_Life_Days | L1: Match_Status | M1: Dias_En_Transito | O1: Pallets_Used | P1: Fill_Weight_% | Q1: Fill_Pallet_% | R1: Camiones | S1: Eficiencia_% | T1: Carga_Flag | U1: FEFO_Flag | V1: Fantasma_Flag
A2: SO-50312 | B2: PL-SUR | C2: CD-MER | D2: LAC-1013 | E2: 2260 | F2: 46173 | G2: In Transit | H2: OK | I2: 8.32 | J2: 98 | K2: 16 | L2: OK | M2: 4 | O2: =IF(L2="HUERFANO","n/a",IF(ISNUMBER(J2),E2/J2,"n/a")) -> 23.061224 | P2: =IF(L2="HUERFANO","n/a",IFERROR(E2*I2/24000*100,"")) -> 78.346667 | Q2: =IF(L2="HUERFANO","n/a",IFERROR(O2/33*100,"")) -> 69.882498 | R2: =IF(L2="HUERFANO","n/a",IFERROR(MAX(CEILING(P2/100,1),CEILING(Q2/100,1)),"")) -> 1 | S2: =IF(L2="HUERFANO","n/a",IFERROR(MAX(P2,Q2)/(R2*100)*100,"")) -> 78.346667 | T2: =IF(L2="HUERFANO","n/a",IF(S2<75,"CARGA INEFICIENTE","OK")) -> OK | U2: =IF(L2="HUERFANO","n/a",IF(AND(LEFT(D2,3)="LAC",(K2-M2)/K2*100<70),"FEFO RIESGO","OK")) -> OK | V2: =IF(L2="HUERFANO","n/a",IF(AND(G2="In Transit",M2>5),"FANTASMA","OK")) -> OK
A3: SO-50335 | B3: PL-NTE | C3: CD-HER | D3: LAC-1013 | E3: 2769 | F3: 46175 | G3: Delivered | H3: OK | I3: 8.32 | J3: 98 | K3: 16 | L3: OK | M3: 2 | O3: =IF(L3="HUERFANO","n/a",IF(ISNUMBER(J3),E3/J3,"n/a")) -> 28.255102 | P3: =IF(L3="HUERFANO","n/a",IFERROR(E3*I3/24000*100,"")) -> 95.992 | Q3: =IF(L3="HUERFANO","n/a",IFERROR(O3/33*100,"")) -> 85.621521 | R3: =IF(L3="HUERFANO","n/a",IFERROR(MAX(CEILING(P3/100,1),CEILING(Q3/100,1)),"")) -> 1 | S3: =IF(L3="HUERFANO","n/a",IFERROR(MAX(P3,Q3)/(R3*100)*100,"")) -> 95.992 | T3: =IF(L3="HUERFANO","n/a",IF(S3<75,"CARGA INEFICIENTE","OK")) -> OK | U3: =IF(L3="HUERFANO","n/a",IF(AND(LEFT(D3,3)="LAC",(K3-M3)/K3*100<70),"FEFO RIESGO","OK")) -> OK | V3: =IF(L3="HUERFANO","n/a",IF(AND(G3="In Transit",M3>5),"FANTASMA","OK")) -> OK
A4: SO-50334 | B4: PL-NTE | C4: CD-SAL | D4: ABA-1008 | E4: 2157 | F4: 46175 | G4: In Transit | H4: OK | I4: 10.6 | J4: 96 | K4: 445 | L4: OK | M4: 2 | O4: =IF(L4="HUERFANO","n/a",IF(ISNUMBER(J4),E4/J4,"n/a")) -> 22.46875 | P4: =IF(L4="HUERFANO","n/a",IFERROR(E4*I4/24000*100,"")) -> 95.2675 | Q4: =IF(L4="HUERFANO","n/a",IFERROR(O4/33*100,"")) -> 68.087121 | R4: =IF(L4="HUERFANO","n/a",IFERROR(MAX(CEILING(P4/100,1),CEILING(Q4/100,1)),"")) -> 1 | S4: =IF(L4="HUERFANO","n/a",IFERROR(MAX(P4,Q4)/(R4*100)*100,"")) -> 95.2675 | T4: =IF(L4="HUERFANO","n/a",IF(S4<75,"CARGA INEFICIENTE","OK")) -> OK | U4: =IF(L4="HUERFANO","n/a",IF(AND(LEFT(D4,3)="LAC",(K4-M4)/K4*100<70),"FEFO RIESGO","OK")) -> OK | V4: =IF(L4="HUERFANO","n/a",IF(AND(G4="In Transit",M4>5),"FANTASMA","OK")) -> OK
A5: SO-50098 | B5: PL-CEN | C5: CD-VER | D5: ABA-1008 | E5: 2130 | F5: 46174 | G5: In Transit | H5: OK | I5: 10.6 | J5: 96 | K5: 445 | L5: OK | M5: 3 | O5: =IF(L5="HUERFANO","n/a",IF(ISNUMBER(J5),E5/J5,"n/a")) -> 22.1875 | P5: =IF(L5="HUERFANO","n/a",IFERROR(E5*I5/24000*100,"")) -> 94.075 | Q5: =IF(L5="HUERFANO","n/a",IFERROR(O5/33*100,"")) -> 67.234848 | R5: =IF(L5="HUERFANO","n/a",IFERROR(MAX(CEILING(P5/100,1),CEILING(Q5/100,1)),"")) -> 1 | S5: =IF(L5="HUERFANO","n/a",IFERROR(MAX(P5,Q5)/(R5*100)*100,"")) -> 94.075 | T5: =IF(L5="HUERFANO","n/a",IF(S5<75,"CARGA INEFICIENTE","OK")) -> OK | U5: =IF(L5="HUERFANO","n/a",IF(AND(LEFT(D5,3)="LAC",(K5-M5)/K5*100<70),"FEFO RIESGO","OK")) -> OK | V5: =IF(L5="HUERFANO","n/a",IF(AND(G5="In Transit",M5>5),"FANTASMA","OK")) -> OK
A6: SO-50626 | B6: PL-SUR | C6: CD-LEO | D6: BOT-1001 | E6: 1998 | F6: 46175 | G6: Delivered | H6: OK | I6: 6.95 | J6: 66 | K6: 95 | L6: OK | M6: 2 | O6: =IF(L6="HUERFANO","n/a",IF(ISNUMBER(J6),E6/J6,"n/a")) -> 30.272727 | P6: =IF(L6="HUERFANO","n/a",IFERROR(E6*I6/24000*100,"")) -> 57.85875 | Q6: =IF(L6="HUERFANO","n/a",IFERROR(O6/33*100,"")) -> 91.735537 | R6: =IF(L6="HUERFANO","n/a",IFERROR(MAX(CEILING(P6/100,1),CEILING(Q6/100,1)),"")) -> 1 | S6: =IF(L6="HUERFANO","n/a",IFERROR(MAX(P6,Q6)/(R6*100)*100,"")) -> 91.735537 | T6: =IF(L6="HUERFANO","n/a",IF(S6<75,"CARGA INEFICIENTE","OK")) -> OK | U6: =IF(L6="HUERFANO","n/a",IF(AND(LEFT(D6,3)="LAC",(K6-M6)/K6*100<70),"FEFO RIESGO","OK")) -> OK | V6: =IF(L6="HUERFANO","n/a",IF(AND(G6="In Transit",M6>5),"FANTASMA","OK")) -> OK
A7: SO-51098 | B7: PL-CEN | C7: CD-TOL | D7: BOT-1001 | E7: 2091 | F7: 46170 | G7: In Transit | H7: OK | I7: 6.95 | J7: 66 | K7: 95 | L7: OK | M7: 7 | O7: =IF(L7="HUERFANO","n/a",IF(ISNUMBER(J7),E7/J7,"n/a")) -> 31.681818 | P7: =IF(L7="HUERFANO","n/a",IFERROR(E7*I7/24000*100,"")) -> 60.551875 | Q7: =IF(L7="HUERFANO","n/a",IFERROR(O7/33*100,"")) -> 96.00551 | R7: =IF(L7="HUERFANO","n/a",IFERROR(MAX(CEILING(P7/100,1),CEILING(Q7/100,1)),"")) -> 1 | S7: =IF(L7="HUERFANO","n/a",IFERROR(MAX(P7,Q7)/(R7*100)*100,"")) -> 96.00551 | T7: =IF(L7="HUERFANO","n/a",IF(S7<75,"CARGA INEFICIENTE","OK")) -> OK | U7: =IF(L7="HUERFANO","n/a",IF(AND(LEFT(D7,3)="LAC",(K7-M7)/K7*100<70),"FEFO RIESGO","OK")) -> OK | V7: =IF(L7="HUERFANO","n/a",IF(AND(G7="In Transit",M7>5),"FANTASMA","OK")) -> FANTASMA
A8: SO-51025 | B8: PL-SUR | C8: CD-CAN | D8: LAC-1003 | E8: 2320 | F8: 46162 | G8: In Transit | H8: OK | I8: 9.02 | J8: 114 | K8: 18 | L8: OK | M8: 15 | O8: =IF(L8="HUERFANO","n/a",IF(ISNUMBER(J8),E8/J8,"n/a")) -> 20.350877 | P8: =IF(L8="HUERFANO","n/a",IFERROR(E8*I8/24000*100,"")) -> 87.193333 | Q8: =IF(L8="HUERFANO","n/a",IFERROR(O8/33*100,"")) -> 61.669325 | R8: =IF(L8="HUERFANO","n/a",IFERROR(MAX(CEILING(P8/100,1),CEILING(Q8/100,1)),"")) -> 1 | S8: =IF(L8="HUERFANO","n/a",IFERROR(MAX(P8,Q8)/(R8*100)*100,"")) -> 87.193333 | T8: =IF(L8="HUERFANO","n/a",IF(S8<75,"CARGA INEFICIENTE","OK")) -> OK | U8: =IF(L8="HUERFANO","n/a",IF(AND(LEFT(D8,3)="LAC",(K8-M8)/K8*100<70),"FEFO RIESGO","OK")) -> FEFO RIESGO | V8: =IF(L8="HUERFANO","n/a",IF(AND(G8="In Transit",M8>5),"FANTASMA","OK")) -> FANTASMA
A9: SO-50981 | B9: PL-SUR | C9: CD-GDL | D9: LAC-1003 | E9: 2296 | F9: 46176 | G9: In Transit | H9: OK | I9: 9.02 | J9: 114 | K9: 18 | L9: OK | M9: 1 | O9: =IF(L9="HUERFANO","n/a",IF(ISNUMBER(J9),E9/J9,"n/a")) -> 20.140351 | P9: =IF(L9="HUERFANO","n/a",IFERROR(E9*I9/24000*100,"")) -> 86.291333 | Q9: =IF(L9="HUERFANO","n/a",IFERROR(O9/33*100,"")) -> 61.031366 | R9: =IF(L9="HUERFANO","n/a",IFERROR(MAX(CEILING(P9/100,1),CEILING(Q9/100,1)),"")) -> 1 | S9: =IF(L9="HUERFANO","n/a",IFERROR(MAX(P9,Q9)/(R9*100)*100,"")) -> 86.291333 | T9: =IF(L9="HUERFANO","n/a",IF(S9<75,"CARGA INEFICIENTE","OK")) -> OK | U9: =IF(L9="HUERFANO","n/a",IF(AND(LEFT(D9,3)="LAC",(K9-M9)/K9*100<70),"FEFO RIESGO","OK")) -> OK | V9: =IF(L9="HUERFANO","n/a",IF(AND(G9="In Transit",M9>5),"FANTASMA","OK")) -> OK
A10: SO-50240 | B10: PL-CEN | C10: CD-PUE | D10: BOT-1009 | E10: 997 | F10: 46176 | G10: In Transit | H10: OK | I10: 5.25 | J10: 76 | K10: 104 | L10: OK | M10: 1 | O10: =IF(L10="HUERFANO","n/a",IF(ISNUMBER(J10),E10/J10,"n/a")) -> 13.118421 | P10: =IF(L10="HUERFANO","n/a",IFERROR(E10*I10/24000*100,"")) -> 21.809375 | Q10: =IF(L10="HUERFANO","n/a",IFERROR(O10/33*100,"")) -> 39.752791 | R10: =IF(L10="HUERFANO","n/a",IFERROR(MAX(CEILING(P10/100,1),CEILING(Q10/100,1)),"")) -> 1 | S10: =IF(L10="HUERFANO","n/a",IFERROR(MAX(P10,Q10)/(R10*100)*100,"")) -> 39.752791 | T10: =IF(L10="HUERFANO","n/a",IF(S10<75,"CARGA INEFICIENTE","OK")) -> CARGA INEFICIENTE | U10: =IF(L10="HUERFANO","n/a",IF(AND(LEFT(D10,3)="LAC",(K10-M10)/K10*100<70),"FEFO RIESGO","OK")) -> OK | V10: =IF(L10="HUERFANO","n/a",IF(AND(G10="In Transit",M10>5),"FANTASMA","OK")) -> OK
A11: SO-50101 | B11: PL-CEN | C11: CD-TOL | D11: BOT-1011 | E11: 2534 | F11: 46176 | G11: In Transit | H11: OK | I11: 3.43 | J11: 88 | K11: 109 | L11: OK | M11: 1 | O11: =IF(L11="HUERFANO","n/a",IF(ISNUMBER(J11),E11/J11,"n/a")) -> 28.795455 | P11: =IF(L11="HUERFANO","n/a",IFERROR(E11*I11/24000*100,"")) -> 36.215083 | Q11: =IF(L11="HUERFANO","n/a",IFERROR(O11/33*100,"")) -> 87.258953 | R11: =IF(L11="HUERFANO","n/a",IFERROR(MAX(CEILING(P11/100,1),CEILING(Q11/100,1)),"")) -> 1 | S11: =IF(L11="HUERFANO","n/a",IFERROR(MAX(P11,Q11)/(R11*100)*100,"")) -> 87.258953 | T11: =IF(L11="HUERFANO","n/a",IF(S11<75,"CARGA INEFICIENTE","OK")) -> OK | U11: =IF(L11="HUERFANO","n/a",IF(AND(LEFT(D11,3)="LAC",(K11-M11)/K11*100<70),"FEFO RIESGO","OK")) -> OK | V11: =IF(L11="HUERFANO","n/a",IF(AND(G11="In Transit",M11>5),"FANTASMA","OK")) -> OK
A12: SO-50596 | B12: PL-CEN | C12: CD-QRO | D12: BOT-1011 | E12: 2712 | F12: 46175 | G12: In Transit | H12: OK | I12: 3.43 | J12: 88 | K12: 109 | L12: OK | M12: 2 | O12: =IF(L12="HUERFANO","n/a",IF(ISNUMBER(J12),E12/J12,"n/a")) -> 30.818182 | P12: =IF(L12="HUERFANO","n/a",IFERROR(E12*I12/24000*100,"")) -> 38.759 | Q12: =IF(L12="HUERFANO","n/a",IFERROR(O12/33*100,"")) -> 93.38843 | R12: =IF(L12="HUERFANO","n/a",IFERROR(MAX(CEILING(P12/100,1),CEILING(Q12/100,1)),"")) -> 1 | S12: =IF(L12="HUERFANO","n/a",IFERROR(MAX(P12,Q12)/(R12*100)*100,"")) -> 93.38843 | T12: =IF(L12="HUERFANO","n/a",IF(S12<75,"CARGA INEFICIENTE","OK")) -> OK | U12: =IF(L12="HUERFANO","n/a",IF(AND(LEFT(D12,3)="LAC",(K12-M12)/K12*100<70),"FEFO RIESGO","OK")) -> OK | V12: =IF(L12="HUERFANO","n/a",IF(AND(G12="In Transit",M12>5),"FANTASMA","OK")) -> OK
A13: SO-50083 | B13: PL-CEN | C13: CD-VER | D13: BEB-1005 | E13: 901 | F13: 46176 | G13: In Transit | H13: OK | I13: 14.2 | J13: 95 | K13: 277 | L13: OK | M13: 1 | O13: =IF(L13="HUERFANO","n/a",IF(ISNUMBER(J13),E13/J13,"n/a")) -> 9.4842105 | P13: =IF(L13="HUERFANO","n/a",IFERROR(E13*I13/24000*100,"")) -> 53.309167 | Q13: =IF(L13="HUERFANO","n/a",IFERROR(O13/33*100,"")) -> 28.740032 | R13: =IF(L13="HUERFANO","n/a",IFERROR(MAX(CEILING(P13/100,1),CEILING(Q13/100,1)),"")) -> 1 | S13: =IF(L13="HUERFANO","n/a",IFERROR(MAX(P13,Q13)/(R13*100)*100,"")) -> 53.309167 | T13: =IF(L13="HUERFANO","n/a",IF(S13<75,"CARGA INEFICIENTE","OK")) -> CARGA INEFICIENTE | U13: =IF(L13="HUERFANO","n/a",IF(AND(LEFT(D13,3)="LAC",(K13-M13)/K13*100<70),"FEFO RIESGO","OK")) -> OK | V13: =IF(L13="HUERFANO","n/a",IF(AND(G13="In Transit",M13>5),"FANTASMA","OK")) -> OK
... A1106: SO-50886 | B1106: PL-NTE | C1106: CD-SAL | D1106: BEB-1000 | E1106: 1170 | F1106: 46176 | G1106: In Transit | H1106: OK | I1106: 16.49 | J1106: 102 | K1106: 315 | L1106: OK | M1106: 1 | O1106: =IF(L1106="HUERFANO","n/a",IF(ISNUMBER(J1106),E1106/J1106,"n/a")) -> 11.470588 | P1106: =IF(L1106="HUERFANO","n/a",IFERROR(E1106*I1106/24000*100,"")) -> 80.38875 | Q1106: =IF(L1106="HUERFANO","n/a",IFERROR(O1106/33*100,"")) -> 34.759358 | R1106: =IF(L1106="HUERFANO","n/a",IFERROR(MAX(CEILING(P1106/100,1),CEILING(Q1106/100,1)),"")) -> 1 | S1106: =IF(L1106="HUERFANO","n/a",IFERROR(MAX(P1106,Q1106)/(R1106*100)*100,"")) -> 80.38875 | T1106: =IF(L1106="HUERFANO","n/a",IF(S1106<75,"CARGA INEFICIENTE","OK")) -> OK | U1106: =IF(L1106="HUERFANO","n/a",IF(AND(LEFT(D1106,3)="LAC",(K1106-M1106)/K1106*100<70),"FEFO RIESGO","OK")) -> OK | V1106: =IF(L1106="HUERFANO","n/a",IF(AND(G1106="In Transit",M1106>5),"FANTASMA","OK")) -> OK

Sheet Excepciones
A1: Tipo de Excepción | B1: Cantidad
A2: Cargas ineficientes | B2: =COUNTIF(Analisis_Transito!T:T, "CARGA INEFICIENTE") -> 361
A3: FEFO en riesgo | B3: =COUNTIF(Analisis_Transito!U:U, "FEFO RIESGO") -> 45
A4: Envíos fantasma | B4: =COUNTIF(Analisis_Transito!V:V, "FANTASMA") -> 51
A5: Órdenes huérfanas | B5: =COUNTIF(Analisis_Transito!L:L, "HUERFANO") -> 12
A6: Demanda no cubierta (unidades) | B6: =SUMIF(Fair_Share!N:N, "ESCASEZ", Fair_Share!O:O) -> 22717.6

Sheet Fair_Share
A1: {=Inventory_Clean[#All]} -> DC | B1: Item_Code | C1: Current_Inventory | D1: Avg_Daily_Demand | E1: Demand_StdDev | F1: Lead_Time_Days | G1: Lead_Time_StdDev | H1: Inv_Quality | J1: Demanda_Total_SKU | K1: Suministro_SKU | L1: Ratio_Cobertura | M1: Asignacion_Fair_Share | N1: Estatus_Suministro | O1: Demanda_No_Cubierta
A2: CD-TOL | B2: PRO-1014 | C2: 2862 | D2: 395 | E2: 268.5 | F2: 2 | G2: 0.5 | H2: OK | J2: =SUMIF($B$2:$B$1501, B2, $D$2:$D$1501) -> 5634.1 | K2: =SUMIF(Supply_Clean[Item_Code], B2, Supply_Clean[Available_Supply]) -> 16301 | L2: =IFERROR(MIN(1, K2/J2), "") -> 1 | M2: =IFERROR(D2*L2, "") -> 395 | N2: =IF(L2<1, "ESCASEZ", "SUFICIENTE") -> SUFICIENTE | O2: =IF(N2="ESCASEZ", D2-M2, 0) -> 0
A3: CD-CDMX | B3: BOT-1006 | C3: 3657 | D3: 408.6 | E3: 117.3 | F3: 0.7 | G3: 0.2 | H3: OK | J3: =SUMIF($B$2:$B$1501, B3, $D$2:$D$1501) -> 7732.6 | K3: =SUMIF(Supply_Clean[Item_Code], B3, Supply_Clean[Available_Supply]) -> 16401 | L3: =IFERROR(MIN(1, K3/J3), "") -> 1 | M3: =IFERROR(D3*L3, "") -> 408.6 | N3: =IF(L3<1, "ESCASEZ", "SUFICIENTE") -> SUFICIENTE | O3: =IF(N3="ESCASEZ", D3-M3, 0) -> 0
A4: CD-VER | B4: BEB-1011 | C4: 4182 | D4: 0 | E4: 63.7 | F4: 5 | G4: 0.9 | H4: OK | J4: =SUMIF($B$2:$B$1501, B4, $D$2:$D$1501) -> 5454.5 | K4: =SUMIF(Supply_Clean[Item_Code], B4, Supply_Clean[Available_Supply]) -> 13720 | L4: =IFERROR(MIN(1, K4/J4), "") -> 1 | M4: =IFERROR(D4*L4, "") -> 0 | N4: =IF(L4<1, "ESCASEZ", "SUFICIENTE") -> SUFICIENTE | O4: =IF(N4="ESCASEZ", D4-M4, 0) -> 0
A5: CD-TOL | B5: ABA-1007 | C5: 8913 | D5: 553.8 | E5: 67.5 | F5: 1.7 | G5: 0.5 | H5: OK | J5: =SUMIF($B$2:$B$1501, B5, $D$2:$D$1501) -> 4867.3 | K5: =SUMIF(Supply_Clean[Item_Code], B5, Supply_Clean[Available_Supply]) -> 13182 | L5: =IFERROR(MIN(1, K5/J5), "") -> 1 | M5: =IFERROR(D5*L5, "") -> 553.8 | N5: =IF(L5<1, "ESCASEZ", "SUFICIENTE") -> SUFICIENTE | O5: =IF(N5="ESCASEZ", D5-M5, 0) -> 0
A6: CD-CDMX | B6: BEB-1000 | C6: 6474 | D6: 366.7 | E6: 43.8 | F6: 0.7 | G6: 0.2 | H6: OK | J6: =SUMIF($B$2:$B$1501, B6, $D$2:$D$1501) -> 4843.5 | K6: =SUMIF(Supply_Clean[Item_Code], B6, Supply_Clean[Available_Supply]) -> 14592 | L6: =IFERROR(MIN(1, K6/J6), "") -> 1 | M6: =IFERROR(D6*L6, "") -> 366.7 | N6: =IF(L6<1, "ESCASEZ", "SUFICIENTE") -> SUFICIENTE | O6: =IF(N6="ESCASEZ", D6-M6, 0) -> 0
A7: CD-CDMX | B7: BOT-1013 | C7: 7599 | D7: 454.2 | E7: 93.4 | F7: 1.1 | G7: 0.2 | H7: OK | J7: =SUMIF($B$2:$B$1501, B7, $D$2:$D$1501) -> 8336.2 | K7: =SUMIF(Supply_Clean[Item_Code], B7, Supply_Clean[Available_Supply]) -> 20545 | L7: =IFERROR(MIN(1, K7/J7), "") -> 1 | M7: =IFERROR(D7*L7, "") -> 454.2 | N7: =IF(L7<1, "ESCASEZ", "SUFICIENTE") -> SUFICIENTE | O7: =IF(N7="ESCASEZ", D7-M7, 0) -> 0
A8: CD-VER | B8: BOT-1010 | C8: 6848 | D8: 784.3 | E8: 122.2 | F8: 3.1 | G8: 0.9 | H8: OK | J8: =SUMIF($B$2:$B$1501, B8, $D$2:$D$1501) -> 7108.7 | K8: =SUMIF(Supply_Clean[Item_Code], B8, Supply_Clean[Available_Supply]) -> 21582 | L8: =IFERROR(MIN(1, K8/J8), "") -> 1 | M8: =IFERROR(D8*L8, "") -> 784.3 | N8: =IF(L8<1, "ESCASEZ", "SUFICIENTE") -> SUFICIENTE | O8: =IF(N8="ESCASEZ", D8-M8, 0) -> 0
A9: CD-CHI | B9: LAC-1006 | C9: 1444 | D9: 209.7 | E9: 56.1 | F9: 3.1 | G9: 1 | H9: OK | J9: =SUMIF($B$2:$B$1501, B9, $D$2:$D$1501) -> 4338.7 | K9: =SUMIF(Supply_Clean[Item_Code], B9, Supply_Clean[Available_Supply]) -> 10670 | L9: =IFERROR(MIN(1, K9/J9), "") -> 1 | M9: =IFERROR(D9*L9, "") -> 209.7 | N9: =IF(L9<1, "ESCASEZ", "SUFICIENTE") -> SUFICIENTE | O9: =IF(N9="ESCASEZ", D9-M9, 0) -> 0
A10: CD-VER | B10: BOT-1012 | C10: 16574 | D10: 948.9 | E10: 207.4 | F10: 0.9 | G10: 0.9 | H10: OK | J10: =SUMIF($B$2:$B$1501, B10, $D$2:$D$1501) -> 9259.4 | K10: =SUMIF(Supply_Clean[Item_Code], B10, Supply_Clean[Available_Supply]) -> 13943 | L10: =IFERROR(MIN(1, K10/J10), "") -> 1 | M10: =IFERROR(D10*L10, "") -> 948.9 | N10: =IF(L10<1, "ESCASEZ", "SUFICIENTE") -> SUFICIENTE | O10: =IF(N10="ESCASEZ", D10-M10, 0) -> 0
A11: CD-PUE | B11: ABA-1007 | C11: 1422 | D11: 289.9 | E11: 31.2 | F11: 0.5 | G11: 0.3 | H11: OK | J11: =SUMIF($B$2:$B$1501, B11, $D$2:$D$1501) -> 4867.3 | K11: =SUMIF(Supply_Clean[Item_Code], B11, Supply_Clean[Available_Supply]) -> 13182 | L11: =IFERROR(MIN(1, K11/J11), "") -> 1 | M11: =IFERROR(D11*L11, "") -> 289.9 | N11: =IF(L11<1, "ESCASEZ", "SUFICIENTE") -> SUFICIENTE | O11: =IF(N11="ESCASEZ", D11-M11, 0) -> 0
A12: CD-CHI | B12: PRO-1001 | C12: 8663 | D12: 495.2 | E12: 204.3 | F12: 2.1 | G12: 1 | H12: OK | J12: =SUMIF($B$2:$B$1501, B12, $D$2:$D$1501) -> 6433.3 | K12: =SUMIF(Supply_Clean[Item_Code], B12, Supply_Clean[Available_Supply]) -> 10011 | L12: =IFERROR(MIN(1, K12/J12), "") -> 1 | M12: =IFERROR(D12*L12, "") -> 495.2 | N12: =IF(L12<1, "ESCASEZ", "SUFICIENTE") -> SUFICIENTE | O12: =IF(N12="ESCASEZ", D12-M12, 0) -> 0
A13: CD-TIJ | B13: BOT-1016 | C13: 580 | D13: 800.5 | E13: 236.1 | F13: 3.4 | G13: 1.5 | H13: OK | J13: =SUMIF($B$2:$B$1501, B13, $D$2:$D$1501) -> 9923.7 | K13: =SUMIF(Supply_Clean[Item_Code], B13, Supply_Clean[Available_Supply]) -> 18995 | L13: =IFERROR(MIN(1, K13/J13), "") -> 1 | M13: =IFERROR(D13*L13, "") -> 800.5 | N13: =IF(L13<1, "ESCASEZ", "SUFICIENTE") -> SUFICIENTE | O13: =IF(N13="ESCASEZ", D13-M13, 0) -> 0
... A37: CD-QRO | B37: ABA-1004 | C37: 1575 | D37: 188.3 | E37: 17.7 | F37: 1.8 | G37: 0.4 | H37: OK | J37: =SUMIF($B$2:$B$1501, B37, $D$2:$D$1501) -> 5236.7 | K37: =SUMIF(Supply_Clean[Item_Code], B37, Supply_Clean[Available_Supply]) -> 10879 | L37: =IFERROR(MIN(1, K37/J37), "") -> 1 | M37: =IFERROR(D37*L37, "") -> 188.3 | N37: =IF(L37<1, "ESCASEZ", "SUFICIENTE") -> SUFICIENTE | O37: =IF(N37="ESCASEZ", D37-M37, 0) -> 0
A38: CD-SAL | B38: LAC-1000 | C38: 0 | D38: 334.9 | E38: 99.2 | F38: 1.7 | G38: 0.5 | H38: 0 | J38: =SUMIF($B$2:$B$1501, B38, $D$2:$D$1501) -> 4987.8 | K38: =SUMIF(Supply_Clean[Item_Code], B38, Supply_Clean[Available_Supply]) -> 12568 | L38: =IFERROR(MIN(1, K38/J38), "") -> 1 | M38: =IFERROR(D38*L38, "") -> 334.9 | N38: =IF(L38<1, "ESCASEZ", "SUFICIENTE") -> SUFICIENTE | O38: =IF(N38="ESCASEZ", D38-M38, 0) -> 0
A39: CD-MTY | B39: BOT-1003 | C39: 9638 | D39: 541.9 | E39: 88.2 | F39: 1.1 | G39: 0.3 | H39: OK | J39: =SUMIF($B$2:$B$1501, B39, $D$2:$D$1501) -> 8902.8 | K39: =SUMIF(Supply_Clean[Item_Code], B39, Supply_Clean[Available_Supply]) -> 24326 | L39: =IFERROR(MIN(1, K39/J39), "") -> 1 | M39: =IFERROR(D39*L39, "") -> 541.9 | N39: =IF(L39<1, "ESCASEZ", "SUFICIENTE") -> SUFICIENTE | O39: =IF(N39="ESCASEZ", D39-M39, 0) -> 0
A40: CD-CHI | B40: LAC-1010 | C40: 4103 | D40: 485.8 | E40: 198.2 | F40: 2.5 | G40: 1 | H40: OK | J40: =SUMIF($B$2:$B$1501, B40, $D$2:$D$1501) -> 4321.7 | K40: =SUMIF(Supply_Clean[Item_Code], B40, Supply_Clean[Available_Supply]) -> 11567 | L40: =IFERROR(MIN(1, K40/J40), "") -> 1 | M40: =IFERROR(D40*L40, "") -> 485.8 | N40: =IF(L40<1, "ESCASEZ", "SUFICIENTE") -> SUFICIENTE | O40: =IF(N40="ESCASEZ", D40-M40, 0) -> 0
A41: CD-MOR | B41: BEB-1002 | C41: 2497 | D41: 162.4 | E41: 19.3 | F41: 1.7 | G41: 0.5 | H41: OK | J41: =SUMIF($B$2:$B$1501, B41, $D$2:$D$1501) -> 6246.8 | K41: =SUMIF(Supply_Clean[Item_Code], B41, Supply_Clean[Available_Supply]) -> 13052 | L41: =IFERROR(MIN(1, K41/J41), "") -> 1 | M41: =IFERROR(D41*L41, "") -> 162.4 | N41: =IF(L41<1, "ESCASEZ", "SUFICIENTE") -> SUFICIENTE | O41: =IF(N41="ESCASEZ", D41-M41, 0) -> 0
A42: CD-CDMX | B42: LAC-1008 | C42: 2440 | D42: 275.4 | E42: 102.8 | F42: 0.6 | G42: 0.2 | H42: OK | J42: =SUMIF($B$2:$B$1501, B42, $D$2:$D$1501) -> 4499.1 | K42: =SUMIF(Supply_Clean[Item_Code], B42, Supply_Clean[Available_Supply]) -> 9543 | L42: =IFERROR(MIN(1, K42/J42), "") -> 1 | M42: =IFERROR(D42*L42, "") -> 275.4 | N42: =IF(L42<1, "ESCASEZ", "SUFICIENTE") -> SUFICIENTE | O42: =IF(N42="ESCASEZ", D42-M42, 0) -> 0
A43: CD-QRO | B43: BOT-1014 | C43: 1048 | D43: 360.1 | E43: 85.6 | F43: 1.7 | G43: 0.4 | H43: OK | J43: =SUMIF($B$2:$B$1501, B43, $D$2:$D$1501) -> 8056.4 | K43: =SUMIF(Supply_Clean[Item_Code], B43, Supply_Clean[Available_Supply]) -> 14373 | L43: =IFERROR(MIN(1, K43/J43), "") -> 1 | M43: =IFERROR(D43*L43, "") -> 360.1 | N43: =IF(L43<1, "ESCASEZ", "SUFICIENTE") -> SUFICIENTE | O43: =IF(N43="ESCASEZ", D43-M43, 0) -> 0
A44: CD-GDL | B44: PRO-1000 | C44: 3885 | D44: 394.7 | E44: 258.3 | F44: 0.5 | G44: 0.2 | H44: OK | J44: =SUMIF($B$2:$B$1501, B44, $D$2:$D$1501) -> 5872.7 | K44: =SUMIF(Supply_Clean[Item_Code], B44, Supply_Clean[Available_Supply]) -> 2915 | L44: =IFERROR(MIN(1, K44/J44), "") -> 0.49636453 | M44: =IFERROR(D44*L44, "") -> 195.91508 | N44: =IF(L44<1, "ESCASEZ", "SUFICIENTE") -> ESCASEZ | O44: =IF(N44="ESCASEZ", D44-M44, 0) -> 198.78492
A45: CD-QRO | B45: LAC-1008 | C45: 2600 | D45: 152.7 | E45: 51.4 | F45: 1.7 | G45: 0.4 | H45: OK | J45: =SUMIF($B$2:$B$1501, B45, $D$2:$D$1501) -> 4499.1 | K45: =SUMIF(Supply_Clean[Item_Code], B45, Supply_Clean[Available_Supply]) -> 9543 | L45: =IFERROR(MIN(1, K45/J45), "") -> 1 | M45: =IFERROR(D45*L45, "") -> 152.7 | N45: =IF(L45<1, "ESCASEZ", "SUFICIENTE") -> SUFICIENTE | O45: =IF(N45="ESCASEZ", D45-M45, 0) -> 0
A46: CD-CHI | B46: BOT-1010 | C46: 5685 | D46: 352.1 | E46: 103.1 | F46: 4.2 | G46: 1 | H46: OK | J46: =SUMIF($B$2:$B$1501, B46, $D$2:$D$1501) -> 7108.7 | K46: =SUMIF(Supply_Clean[Item_Code], B46, Supply_Clean[Available_Supply]) -> 21582 | L46: =IFERROR(MIN(1, K46/J46), "") -> 1 | M46: =IFERROR(D46*L46, "") -> 352.1 | N46: =IF(L46<1, "ESCASEZ", "SUFICIENTE") -> SUFICIENTE | O46: =IF(N46="ESCASEZ", D46-M46, 0) -> 0
A47: CD-MER | B47: BOT-1016 | C47: 2068 | D47: 378.2 | E47: 89.2 | F47: 1.8 | G47: 1.3 | H47: OK | J47: =SUMIF($B$2:$B$1501, B47, $D$2:$D$1501) -> 9923.7 | K47: =SUMIF(Supply_Clean[Item_Code], B47, Supply_Clean[Available_Supply]) -> 18995 | L47: =IFERROR(MIN(1, K47/J47), "") -> 1 | M47: =IFERROR(D47*L47, "") -> 378.2 | N47: =IF(L47<1, "ESCASEZ", "SUFICIENTE") -> SUFICIENTE | O47: =IF(N47="ESCASEZ", D47-M47, 0) -> 0
A48: CD-SAL | B48: BOT-1009 | C48: 10536 | D48: 627 | E48: 160.4 | F48: 2 | G48: 0.5 | H48: OK | J48: =SUMIF($B$2:$B$1501, B48, $D$2:$D$1501) -> 8135.5 | K48: =SUMIF(Supply_Clean[Item_Code], B48, Supply_Clean[Available_Supply]) -> 17475 | L48: =IFERROR(MIN(1, K48/J48), "") -> 1 | M48: =IFERROR(D48*L48, "") -> 627 | N48: =IF(L48<1, "ESCASEZ", "SUFICIENTE") -> SUFICIENTE | O48: =IF(N48="ESCASEZ", D48-M48, 0) -> 0
A49: CD-CAN | B49: ABA-1006 | C49: 6643 | D49: 463.7 | E49: 43.5 | F49: 7.7 | G49: 1.6 | H49: OK | J49: =SUMIF($B$2:$B$1501, B49, $D$2:$D$1501) -> 4882.1 | K49: =SUMIF(Supply_Clean[Item_Code], B49, Supply_Clean[Available_Supply]) -> 15586 | L49: =IFERROR(MIN(1, K49/J49), "") -> 1 | M49: =IFERROR(D49*L49, "") -> 463.7 | N49: =IF(L49<1, "ESCASEZ", "SUFICIENTE") -> SUFICIENTE | O49: =IF(N49="ESCASEZ", D49-M49, 0) -> 0
A50: CD-MTY | B50: LAC-1000 | C50: 3134 | D50: 370.7 | E50: 133.6 | F50: 1.3 | G50: 0.3 | H50: OK | J50: =SUMIF($B$2:$B$1501, B50, $D$2:$D$1501) -> 4987.8 | K50: =SUMIF(Supply_Clean[Item_Code], B50, Supply_Clean[Available_Supply]) -> 12568 | L50: =IFERROR(MIN(1, K50/J50), "") -> 1 | M50: =IFERROR(D50*L50, "") -> 370.7 | N50: =IF(L50<1, "ESCASEZ", "SUFICIENTE") -> SUFICIENTE | O50: =IF(N50="ESCASEZ", D50-M50, 0) -> 0
... A56: CD-QRO | B56: LAC-1010 | C56: 5387 | D56: 315.9 | E56: 131.3 | F56: 1.7 | G56: 0.4 | H56: OK | J56: =SUMIF($B$2:$B$1501, B56, $D$2:$D$1501) -> 4321.7 | K56: =SUMIF(Supply_Clean[Item_Code], B56, Supply_Clean[Available_Supply]) -> 11567 | L56: =IFERROR(MIN(1, K56/J56), "") -> 1 | M56: =IFERROR(D56*L56, "") -> 315.9 | N56: =IF(L56<1, "ESCASEZ", "SUFICIENTE") -> SUFICIENTE | O56: =IF(N56="ESCASEZ", D56-M56, 0) -> 0
A57: CD-GDL | B57: BEB-1021 | C57: 0 | D57: 414.7 | E57: 49.3 | F57: 1.1 | G57: 0.2 | H57: 0 | J57: =SUMIF($B$2:$B$1501, B57, $D$2:$D$1501) -> 5254.8 | K57: =SUMIF(Supply_Clean[Item_Code], B57, Supply_Clean[Available_Supply]) -> 13235 | L57: =IFERROR(MIN(1, K57/J57), "") -> 1 | M57: =IFERROR(D57*L57, "") -> 414.7 | N57: =IF(L57<1, "ESCASEZ", "SUFICIENTE") -> SUFICIENTE | O57: =IF(N57="ESCASEZ", D57-M57, 0) -> 0
A58: CD-MER | B58: BEB-1020 | C58: 3654 | D58: 468.4 | E58: 83.8 | F58: 1.5 | G58: 1.3 | H58: OK | J58: =SUMIF($B$2:$B$1501, B58, $D$2:$D$1501) -> 6114.4 | K58: =SUMIF(Supply_Clean[Item_Code], B58, Supply_Clean[Available_Supply]) -> 16621 | L58: =IFERROR(MIN(1, K58/J58), "") -> 1 | M58: =IFERROR(D58*L58, "") -> 468.4 | N58: =IF(L58<1, "ESCASEZ", "SUFICIENTE") -> SUFICIENTE | O58: =IF(N58="ESCASEZ", D58-M58, 0) -> 0
A59: CD-MER | B59: PRO-1000 | C59: 2172 | D59: 170.9 | E59: 106.9 | F59: 5.1 | G59: 1.3 | H59: OK | J59: =SUMIF($B$2:$B$1501, B59, $D$2:$D$1501) -> 5872.7 | K59: =SUMIF(Supply_Clean[Item_Code], B59, Supply_Clean[Available_Supply]) -> 2915 | L59: =IFERROR(MIN(1, K59/J59), "") -> 0.49636453 | M59: =IFERROR(D59*L59, "") -> 84.828699 | N59: =IF(L59<1, "ESCASEZ", "SUFICIENTE") -> ESCASEZ | O59: =IF(N59="ESCASEZ", D59-M59, 0) -> 86.071301
A60: CD-HER | B60: BEB-1009 | C60: 2699 | D60: 196 | E60: 31.3 | F60: 2.9 | G60: 1.2 | H60: OK | J60: =SUMIF($B$2:$B$1501, B60, $D$2:$D$1501) -> 6226.9 | K60: =SUMIF(Supply_Clean[Item_Code], B60, Supply_Clean[Available_Supply]) -> 10475 | L60: =IFERROR(MIN(1, K60/J60), "") -> 1 | M60: =IFERROR(D60*L60, "") -> 196 | N60: =IF(L60<1, "ESCASEZ", "SUFICIENTE") -> SUFICIENTE | O60: =IF(N60="ESCASEZ", D60-M60, 0) -> 0
A61: CD-CDMX | B61: ABA-1001 | C61: 1154 | D61: 362.4 | E61: 45.4 | F61: 1.2 | G61: 0.2 | H61: OK | J61: =SUMIF($B$2:$B$1501, B61, $D$2:$D$1501) -> 4698.7 | K61: =SUMIF(Supply_Clean[Item_Code], B61, Supply_Clean[Available_Supply]) -> 8775 | L61: =IFERROR(MIN(1, K61/J61), "") -> 1 | M61: =IFERROR(D61*L61, "") -> 362.4 | N61: =IF(L61<1, "ESCASEZ", "SUFICIENTE") -> SUFICIENTE | O61: =IF(N61="ESCASEZ", D61-M61, 0) -> 0
A62: CD-QRO | B62: BEB-1017 | C62: 0 | D62: 349.7 | E62: 68.7 | F62: 1.1 | G62: 0.4 | H62: 0 | J62: =SUMIF($B$2:$B$1501, B62, $D$2:$D$1501) -> 6231.7 | K62: =SUMIF(Supply_Clean[Item_Code], B62, Supply_Clean[Available_Supply]) -> 18257 | L62: =IFERROR(MIN(1, K62/J62), "") -> 1 | M62: =IFERROR(D62*L62, "") -> 349.7 | N62: =IF(L62<1, "ESCASEZ", "SUFICIENTE") -> SUFICIENTE | O62: =IF(N62="ESCASEZ", D62-M62, 0) -> 0
A63: CD-TIJ | B63: ABA-1007 | C63: 0 | D63: 336.6 | E63: 38.2 | F63: 5.9 | G63: 1.5 | H63: 0 | J63: =SUMIF($B$2:$B$1501, B63, $D$2:$D$1501) -> 4867.3 | K63: =SUMIF(Supply_Clean[Item_Code], B63, Supply_Clean[Available_Supply]) -> 13182 | L63: =IFERROR(MIN(1, K63/J63), "") -> 1 | M63: =IFERROR(D63*L63, "") -> 336.6 | N63: =IF(L63<1, "ESCASEZ", "SUFICIENTE") -> SUFICIENTE | O63: =IF(N63="ESCASEZ", D63-M63, 0) -> 0
A64: CD-MER | B64: LAC-1001 | C64: 2390 | D64: 265.8 | E64: 95 | F64: 6.3 | G64: 1.3 | H64: OK | J64: =SUMIF($B$2:$B$1501, B64, $D$2:$D$1501) -> 3661 | K64: =SUMIF(Supply_Clean[Item_Code], B64, Supply_Clean[Available_Supply]) -> 9945 | L64: =IFERROR(MIN(1, K64/J64), "") -> 1 | M64: =IFERROR(D64*L64, "") -> 265.8 | N64: =IF(L64<1, "ESCASEZ", "SUFICIENTE") -> SUFICIENTE | O64: =IF(N64="ESCASEZ", D64-M64, 0) -> 0
A65: CD-CAN | B65: LAC-1010 | C65: 1363 | D65: 363.8 | E65: 116.7 | F65: 2.9 | G65: 1.6 | H65: OK | J65: =SUMIF($B$2:$B$1501, B65, $D$2:$D$1501) -> 4321.7 | K65: =SUMIF(Supply_Clean[Item_Code], B65, Supply_Clean[Available_Supply]) -> 11567 | L65: =IFERROR(MIN(1, K65/J65), "") -> 1 | M65: =IFERROR(D65*L65, "") -> 363.8 | N65: =IF(L65<1, "ESCASEZ", "SUFICIENTE") -> SUFICIENTE | O65: =IF(N65="ESCASEZ", D65-M65, 0) -> 0
A66: CD-LEO | B66: BEB-1009 | C66: 3354 | D66: 379.3 | E66: 69.3 | F66: 1.8 | G66: 0.6 | H66: OK | J66: =SUMIF($B$2:$B$1501, B66, $D$2:$D$1501) -> 6226.9 | K66: =SUMIF(Supply_Clean[Item_Code], B66, Supply_Clean[Available_Supply]) -> 10475 | L66: =IFERROR(MIN(1, K66/J66), "") -> 1 | M66: =IFERROR(D66*L66, "") -> 379.3 | N66: =IF(L66<1, "ESCASEZ", "SUFICIENTE") -> SUFICIENTE | O66: =IF(N66="ESCASEZ", D66-M66, 0) -> 0
A67: CD-HER | B67: BEB-1015 | C67: 448 | D67: 324.3 | E67: 47.3 | F67: 3.8 | G67: 1.2 | H67: OK | J67: =SUMIF($B$2:$B$1501, B67, $D$2:$D$1501) -> 5073.1 | K67: =SUMIF(Supply_Clean[Item_Code], B67, Supply_Clean[Available_Supply]) -> 14801 | L67: =IFERROR(MIN(1, K67/J67), "") -> 1 | M67: =IFERROR(D67*L67, "") -> 324.3 | N67: =IF(L67<1, "ESCASEZ", "SUFICIENTE") -> SUFICIENTE | O67: =IF(N67="ESCASEZ", D67-M67, 0) -> 0
A68: CD-TOL | B68: PRO-1007 | C68: 1903 | D68: 0 | E68: 319.6 | F68: 2 | G68: 0.5 | H68: OK | J68: =SUMIF($B$2:$B$1501, B68, $D$2:$D$1501) -> 5354.8 | K68: =SUMIF(Supply_Clean[Item_Code], B68, Supply_Clean[Available_Supply]) -> 10360 | L68: =IFERROR(MIN(1, K68/J68), "") -> 1 | M68: =IFERROR(D68*L68, "") -> 0 | N68: =IF(L68<1, "ESCASEZ", "SUFICIENTE") -> SUFICIENTE | O68: =IF(N68="ESCASEZ", D68-M68, 0) -> 0
A69: CD-MOR | B69: LAC-1014 | C69: 736 | D69: 255.2 | E69: 112.2 | F69: 2.4 | G69: 0.5 | H69: OK | J69: =SUMIF($B$2:$B$1501, B69, $D$2:$D$1501) -> 4121.5 | K69: =SUMIF(Supply_Clean[Item_Code], B69, Supply_Clean[Available_Supply]) -> 8260 | L69: =IFERROR(MIN(1, K69/J69), "") -> 1 | M69: =IFERROR(D69*L69, "") -> 255.2 | N69: =IF(L69<1, "ESCASEZ", "SUFICIENTE") -> SUFICIENTE | O69: =IF(N69="ESCASEZ", D69-M69, 0) -> 0
A70: CD-HER | B70: ABA-1006 | C70: 343 | D70: 257.9 | E70: 22.5 | F70: 3.7 | G70: 1.2 | H70: OK | J70: =SUMIF($B$2:$B$1501, B70, $D$2:$D$1501) -> 4882.1 | K70: =SUMIF(Supply_Clean[Item_Code], B70, Supply_Clean[Available_Supply]) -> 15586 | L70: =IFERROR(MIN(1, K70/J70), "") -> 1 | M70: =IFERROR(D70*L70, "") -> 257.9 | N70: =IF(L70<1, "ESCASEZ", "SUFICIENTE") -> SUFICIENTE | O70: =IF(N70="ESCASEZ", D70-M70, 0) -> 0
A71: CD-QRO | B71: ABA-1011 | C71: 2361 | D71: 551.6 | E71: 80.8 | F71: 2 | G71: 0.4 | H71: OK | J71: =SUMIF($B$2:$B$1501, B71, $D$2:$D$1501) -> 4892.1 | K71: =SUMIF(Supply_Clean[Item_Code], B71, Supply_Clean[Available_Supply]) -> 9079 | L71: =IFERROR(MIN(1, K71/J71), "") -> 1 | M71: =IFERROR(D71*L71, "") -> 551.6 | N71: =IF(L71<1, "ESCASEZ", "SUFICIENTE") -> SUFICIENTE | O71: =IF(N71="ESCASEZ", D71-M71, 0) -> 0
A72: CD-CHI | B72: ABA-1013 | C72: 5718 | D72: 483.7 | E72: 60.3 | F72: 3.9 | G72: 1 | H72: OK | J72: =SUMIF($B$2:$B$1501, B72, $D$2:$D$1501) -> 4213.9 | K72: =SUMIF(Supply_Clean[Item_Code], B72, Supply_Clean[Available_Supply]) -> 2568 | L72: =IFERROR(MIN(1, K72/J72), "") -> 0.60941171 | M72: =IFERROR(D72*L72, "") -> 294.77244 | N72: =IF(L72<1, "ESCASEZ", "SUFICIENTE") -> ESCASEZ | O72: =IF(N72="ESCASEZ", D72-M72, 0) -> 188.92756
A73: CD-MOR | B73: BEB-1016 | C73: 2292 | D73: 478.5 | E73: 75.5 | F73: 2.1 | G73: 0.5 | H73: OK | J73: =SUMIF($B$2:$B$1501, B73, $D$2:$D$1501) -> 5569.2 | K73: =SUMIF(Supply_Clean[Item_Code], B73, Supply_Clean[Available_Supply]) -> 14537 | L73: =IFERROR(MIN(1, K73/J73), "") -> 1 | M73: =IFERROR(D73*L73, "") -> 478.5 | N73: =IF(L73<1, "ESCASEZ", "SUFICIENTE") -> SUFICIENTE | O73: =IF(N73="ESCASEZ", D73-M73, 0) -> 0
A74: CD-TIJ | B74: BEB-1016 | C74: 0 | D74: 565.9 | E74: 57.7 | F74: 7.9 | G74: 1.5 | H74: 0 | J74: =SUMIF($B$2:$B$1501, B74, $D$2:$D$1501) -> 5569.2 | K74: =SUMIF(Supply_Clean[Item_Code], B74, Supply_Clean[Available_Supply]) -> 14537 | L74: =IFERROR(MIN(1, K74/J74), "") -> 1 | M74: =IFERROR(D74*L74, "") -> 565.9 | N74: =IF(L74<1, "ESCASEZ", "SUFICIENTE") -> SUFICIENTE | O74: =IF(N74="ESCASEZ", D74-M74, 0) -> 0
A75: CD-MOR | B75: PRO-1007 | C75: 2826 | D75: 271.9 | E75: 163.1 | F75: 2.9 | G75: 0.5 | H75: OK | J75: =SUMIF($B$2:$B$1501, B75, $D$2:$D$1501) -> 5354.8 | K75: =SUMIF(Supply_Clean[Item_Code], B75, Supply_Clean[Available_Supply]) -> 10360 | L75: =IFERROR(MIN(1, K75/J75), "") -> 1 | M75: =IFERROR(D75*L75, "") -> 271.9 | N75: =IF(L75<1, "ESCASEZ", "SUFICIENTE") -> SUFICIENTE | O75: =IF(N75="ESCASEZ", D75-M75, 0) -> 0
A76: CD-CHI | B76: BEB-1011 | C76: 4046 | D76: 444.7 | E76: 74.4 | F76: 3.6 | G76: 1 | H76: OK | J76: =SUMIF($B$2:$B$1501, B76, $D$2:$D$1501) -> 5454.5 | K76: =SUMIF(Supply_Clean[Item_Code], B76, Supply_Clean[Available_Supply]) -> 13720 | L76: =IFERROR(MIN(1, K76/J76), "") -> 1 | M76: =IFERROR(D76*L76, "") -> 444.7 | N76: =IF(L76<1, "ESCASEZ", "SUFICIENTE") -> SUFICIENTE | O76: =IF(N76="ESCASEZ", D76-M76, 0) -> 0
A77: CD-HER | B77: BOT-1010 | C77: 351 | D77: 359.9 | E77: 62.9 | F77: 5.4 | G77: 1.2 | H77: OK | J77: =SUMIF($B$2:$B$1501, B77, $D$2:$D$1501) -> 7108.7 | K77: =SUMIF(Supply_Clean[Item_Code], B77, Supply_Clean[Available_Supply]) -> 21582 | L77: =IFERROR(MIN(1, K77/J77), "") -> 1 | M77: =IFERROR(D77*L77, "") -> 359.9 | N77: =IF(L77<1, "ESCASEZ", "SUFICIENTE") -> SUFICIENTE | O77: =IF(N77="ESCASEZ", D77-M77, 0) -> 0
A78: CD-MTY | B78: BOT-1015 | C78: 856 | D78: 566.9 | E78: 162.5 | F78: 1.1 | G78: 0.3 | H78: OK | J78: =SUMIF($B$2:$B$1501, B78, $D$2:$D$1501) -> 8666.4 | K78: =SUMIF(Supply_Clean[Item_Code], B78, Supply_Clean[Available_Supply]) -> 5719 | L78: =IFERROR(MIN(1, K78/J78), "") -> 0.65990492 | M78: =IFERROR(D78*L78, "") -> 374.1001 | N78: =IF(L78<1, "ESCASEZ", "SUFICIENTE") -> ESCASEZ | O78: =IF(N78="ESCASEZ", D78-M78, 0) -> 192.7999
A79: CD-QRO | B79: PRO-1005 | C79: 1158 | D79: 105.1 | E79: 66.6 | F79: 2.1 | G79: 0.4 | H79: OK | J79: =SUMIF($B$2:$B$1501, B79, $D$2:$D$1501) -> 4399.3 | K79: =SUMIF(Supply_Clean[Item_Code], B79, Supply_Clean[Available_Supply]) -> 8407 | L79: =IFERROR(MIN(1, K79/J79), "") -> 1 | M79: =IFERROR(D79*L79, "") -> 105.1 | N79: =IF(L79<1, "ESCASEZ", "SUFICIENTE") -> SUFICIENTE | O79: =IF(N79="ESCASEZ", D79-M79, 0) -> 0
A80: CD-LEO | B80: PRO-1008 | C80: 1441 | D80: 509.2 | E80: 299.8 | F80: 2.6 | G80: 0.6 | H80: OK | J80: =SUMIF($B$2:$B$1501, B80, $D$2:$D$1501) -> 5551.6 | K80: =SUMIF(Supply_Clean[Item_Code], B80, Supply_Clean[Available_Supply]) -> 9738 | L80: =IFERROR(MIN(1, K80/J80), "") -> 1 | M80: =IFERROR(D80*L80, "") -> 509.2 | N80: =IF(L80<1, "ESCASEZ", "SUFICIENTE") -> SUFICIENTE | O80: =IF(N80="ESCASEZ", D80-M80, 0) -> 0
A81: CD-CDMX | B81: ABA-1015 | C81: 999999 | D81: 269.3 | E81: 25.7 | F81: 1.2 | G81: 0.2 | H81: ATIPICO | J81: =SUMIF($B$2:$B$1501, B81, $D$2:$D$1501) -> 3986.5 | K81: =SUMIF(Supply_Clean[Item_Code], B81, Supply_Clean[Available_Supply]) -> 7969 | L81: =IFERROR(MIN(1, K81/J81), "") -> 1 | M81: =IFERROR(D81*L81, "") -> 269.3 | N81: =IF(L81<1, "ESCASEZ", "SUFICIENTE") -> SUFICIENTE | O81: =IF(N81="ESCASEZ", D81-M81, 0) -> 0
A82: CD-CHI | B82: ABA-1014 | C82: 0 | D82: 203.6 | E82: 18.4 | F82: 3.1 | G82: 1 | H82: 0 | J82: =SUMIF($B$2:$B$1501, B82, $D$2:$D$1501) -> 4779 | K82: =SUMIF(Supply_Clean[Item_Code], B82, Supply_Clean[Available_Supply]) -> 14629 | L82: =IFERROR(MIN(1, K82/J82), "") -> 1 | M82: =IFERROR(D82*L82, "") -> 203.6 | N82: =IF(L82<1, "ESCASEZ", "SUFICIENTE") -> SUFICIENTE | O82: =IF(N82="ESCASEZ", D82-M82, 0) -> 0
A83: CD-CHI | B83: BOT-1020 | C83: 3824 | D83: 371.1 | E83: 68.3 | F83: 2.4 | G83: 1 | H83: OK | J83: =SUMIF($B$2:$B$1501, B83, $D$2:$D$1501) -> 7693.4 | K83: =SUMIF(Supply_Clean[Item_Code], B83, Supply_Clean[Available_Supply]) -> 20558 | L83: =IFERROR(MIN(1, K83/J83), "") -> 1 | M83: =IFERROR(D83*L83, "") -> 371.1 | N83: =IF(L83<1, "ESCASEZ", "SUFICIENTE") -> SUFICIENTE | O83: =IF(N83="ESCASEZ", D83-M83, 0) -> 0
A84: CD-CAN | B84: LAC-1003 | C84: 1484 | D84: 0 | E84: 46.7 | F84: 3.6 | G84: 1.6 | H84: OK | J84: =SUMIF($B$2:$B$1501, B84, $D$2:$D$1501) -> 3701.5 | K84: =SUMIF(Supply_Clean[Item_Code], B84, Supply_Clean[Available_Supply]) -> 7244 | L84: =IFERROR(MIN(1, K84/J84), "") -> 1 | M84: =IFERROR(D84*L84, "") -> 0 | N84: =IF(L84<1, "ESCASEZ", "SUFICIENTE") -> SUFICIENTE | O84: =IF(N84="ESCASEZ", D84-M84, 0) -> 0
A85: CD-QRO | B85: LAC-1005 | C85: 1801 | D85: 156.3 | E85: 56.3 | F85: 1.9 | G85: 0.4 | H85: OK | J85: =SUMIF($B$2:$B$1501, B85, $D$2:$D$1501) -> 3868.9 | K85: =SUMIF(Supply_Clean[Item_Code], B85, Supply_Clean[Available_Supply]) -> 9953 | L85: =IFERROR(MIN(1, K85/J85), "") -> 1 | M85: =IFERROR(D85*L85, "") -> 156.3 | N85: =IF(L85<1, "ESCASEZ", "SUFICIENTE") -> SUFICIENTE | O85: =IF(N85="ESCASEZ", D85-M85, 0) -> 0
A86: CD-QRO | B86: LAC-1009 | C86: 1300 | D86: 396.1 | E86: 164.7 | F86: 2.1 | G86: 0.4 | H86: OK | J86: =SUMIF($B$2:$B$1501, B86, $D$2:$D$1501) -> 4163.4 | K86: =SUMIF(Supply_Clean[Item_Code], B86, Supply_Clean[Available_Supply]) -> 6523 | L86: =IFERROR(MIN(1, K86/J86), "") -> 1 | M86: =IFERROR(D86*L86, "") -> 396.1 | N86: =IF(L86<1, "ESCASEZ", "SUFICIENTE") -> SUFICIENTE | O86: =IF(N86="ESCASEZ", D86-M86, 0) -> 0
A87: CD-MER | B87: BOT-1006 | C87: 5113 | D87: 360.9 | E87: 81 | F87: 2.4 | G87: 1.3 | H87: OK | J87: =SUMIF($B$2:$B$1501, B87, $D$2:$D$1501) -> 7732.6 | K87: =SUMIF(Supply_Clean[Item_Code], B87, Supply_Clean[Available_Supply]) -> 16401 | L87: =IFERROR(MIN(1, K87/J87), "") -> 1 | M87: =IFERROR(D87*L87, "") -> 360.9 | N87: =IF(L87<1, "ESCASEZ", "SUFICIENTE") -> SUFICIENTE | O87: =IF(N87="ESCASEZ", D87-M87, 0) -> 0
A88: CD-MTY | B88: LAC-1014 | C88: 1441 | D88: 137.1 | E88: 53.8 | F88: 1 | G88: 0.3 | H88: OK | J88: =SUMIF($B$2:$B$1501, B88, $D$2:$D$1501) -> 4121.5 | K88: =SUMIF(Supply_Clean[Item_Code], B88, Supply_Clean[Available_Supply]) -> 8260 | L88: =IFERROR(MIN(1, K88/J88), "") -> 1 | M88: =IFERROR(D88*L88, "") -> 137.1 | N88: =IF(L88<1, "ESCASEZ", "SUFICIENTE") -> SUFICIENTE | O88: =IF(N88="ESCASEZ", D88-M88, 0) -> 0
A89: CD-MER | B89: BOT-1019 | C89: 5245 | D89: 390.7 | E89: 63.6 | F89: 5.7 | G89: 1.3 | H89: OK | J89: =SUMIF($B$2:$B$1501, B89, $D$2:$D$1501) -> 9278.3 | K89: =SUMIF(Supply_Clean[Item_Code], B89, Supply_Clean[Available_Supply]) -> 4509 | L89: =IFERROR(MIN(1, K89/J89), "") -> 0.48597265 | M89: =IFERROR(D89*L89, "") -> 189.86951 | N89: =IF(L89<1, "ESCASEZ", "SUFICIENTE") -> ESCASEZ | O89: =IF(N89="ESCASEZ", D89-M89, 0) -> 200.83049
A90: CD-LEO | B90: BOT-1013 | C90: 15116 | D90: 913.7 | E90: 146.9 | F90: 1.1 | G90: 0.6 | H90: OK | J90: =SUMIF($B$2:$B$1501, B90, $D$2:$D$1501) -> 8336.2 | K90: =SUMIF(Supply_Clean[Item_Code], B90, Supply_Clean[Available_Supply]) -> 20545 | L90: =IFERROR(MIN(1, K90/J90), "") -> 1 | M90: =IFERROR(D90*L90, "") -> 913.7 | N90: =IF(L90<1, "ESCASEZ", "SUFICIENTE") -> SUFICIENTE | O90: =IF(N90="ESCASEZ", D90-M90, 0) -> 0
A91: CD-TOL | B91: BEB-1008 | C91: 2432 | D91: 594.5 | E91: 100.6 | F91: 2 | G91: 0.5 | H91: OK | J91: =SUMIF($B$2:$B$1501, B91, $D$2:$D$1501) -> 6157 | K91: =SUMIF(Supply_Clean[Item_Code], B91, Supply_Clean[Available_Supply]) -> 18019 | L91: =IFERROR(MIN(1, K91/J91), "") -> 1 | M91: =IFERROR(D91*L91, "") -> 594.5 | N91: =IF(L91<1, "ESCASEZ", "SUFICIENTE") -> SUFICIENTE | O91: =IF(N91="ESCASEZ", D91-M91, 0) -> 0
A92: CD-CDMX | B92: ABA-1011 | C92: 2084 | D92: 236.9 | E92: 22.5 | F92: 1.2 | G92: 0.2 | H92: OK | J92: =SUMIF($B$2:$B$1501, B92, $D$2:$D$1501) -> 4892.1 | K92: =SUMIF(Supply_Clean[Item_Code], B92, Supply_Clean[Available_Supply]) -> 9079 | L92: =IFERROR(MIN(1, K92/J92), "") -> 1 | M92: =IFERROR(D92*L92, "") -> 236.9 | N92: =IF(L92<1, "ESCASEZ", "SUFICIENTE") -> SUFICIENTE | O92: =IF(N92="ESCASEZ", D92-M92, 0) -> 0
A93: CD-VER | B93: LAC-1015 | C93: 2263 | D93: 199.8 | E93: 84.6 | F93: 3.4 | G93: 0.9 | H93: OK | J93: =SUMIF($B$2:$B$1501, B93, $D$2:$D$1501) -> 3982.7 | K93: =SUMIF(Supply_Clean[Item_Code], B93, Supply_Clean[Available_Supply]) -> 8604 | L93: =IFERROR(MIN(1, K93/J93), "") -> 1 | M93: =IFERROR(D93*L93, "") -> 199.8 | N93: =IF(L93<1, "ESCASEZ", "SUFICIENTE") -> SUFICIENTE | O93: =IF(N93="ESCASEZ", D93-M93, 0) -> 0
A94: CD-MOR | B94: BOT-1023 | C94: 3238 | D94: 268.6 | E94: 58.8 | F94: 2.5 | G94: 0.5 | H94: OK | J94: =SUMIF($B$2:$B$1501, B94, $D$2:$D$1501) -> 8227.6 | K94: =SUMIF(Supply_Clean[Item_Code], B94, Supply_Clean[Available_Supply]) -> 23663 | L94: =IFERROR(MIN(1, K94/J94), "") -> 1 | M94: =IFERROR(D94*L94, "") -> 268.6 | N94: =IF(L94<1, "ESCASEZ", "SUFICIENTE") -> SUFICIENTE | O94: =IF(N94="ESCASEZ", D94-M94, 0) -> 0
... A113: CD-CDMX | B113: ABA-1010 | C113: 1589 | D113: 303.6 | E113: 34.4 | F113: 0.8 | G113: 0.2 | H113: OK | J113: =SUMIF($B$2:$B$1501, B113, $D$2:$D$1501) -> 4871.7 | K113: =SUMIF(Supply_Clean[Item_Code], B113, Supply_Clean[Available_Supply]) -> 9875 | L113: =IFERROR(MIN(1, K113/J113), "") -> 1 | M113: =IFERROR(D113*L113, "") -> 303.6 | N113: =IF(L113<1, "ESCASEZ", "SUFICIENTE") -> SUFICIENTE | O113: =IF(N113="ESCASEZ", D113-M113, 0) -> 0
A114: CD-MTY | B114: BOT-1021 | C114: 0 | D114: 687 | E114: 149.5 | F114: 1.1 | G114: 0.3 | H114: 0 | J114: =SUMIF($B$2:$B$1501, B114, $D$2:$D$1501) -> 6783.3 | K114: =SUMIF(Supply_Clean[Item_Code], B114, Supply_Clean[Available_Supply]) -> 13475 | L114: =IFERROR(MIN(1, K114/J114), "") -> 1 | M114: =IFERROR(D114*L114, "") -> 687 | N114: =IF(L114<1, "ESCASEZ", "SUFICIENTE") -> SUFICIENTE | O114: =IF(N114="ESCASEZ", D114-M114, 0) -> 0
A115: CD-MTY | B115: PRO-1010 | C115: 6970 | D115: 831.4 | E115: 363.7 | F115: 1.8 | G115: 0.3 | H115: OK | J115: =SUMIF($B$2:$B$1501, B115, $D$2:$D$1501) -> 6996.1 | K115: =SUMIF(Supply_Clean[Item_Code], B115, Supply_Clean[Available_Supply]) -> 18475 | L115: =IFERROR(MIN(1, K115/J115), "") -> 1 | M115: =IFERROR(D115*L115, "") -> 831.4 | N115: =IF(L115<1, "ESCASEZ", "SUFICIENTE") -> SUFICIENTE | O115: =IF(N115="ESCASEZ", D115-M115, 0) -> 0
A116: CD-CAN | B116: ABA-1011 | C116: 1368 | D116: 453.5 | E116: 57.9 | F116: 3.9 | G116: 1.6 | H116: OK | J116: =SUMIF($B$2:$B$1501, B116, $D$2:$D$1501) -> 4892.1 | K116: =SUMIF(Supply_Clean[Item_Code], B116, Supply_Clean[Available_Supply]) -> 9079 | L116: =IFERROR(MIN(1, K116/J116), "") -> 1 | M116: =IFERROR(D116*L116, "") -> 453.5 | N116: =IF(L116<1, "ESCASEZ", "SUFICIENTE") -> SUFICIENTE | O116: =IF(N116="ESCASEZ", D116-M116, 0) -> 0
A117: CD-MTY | B117: BOT-1001 | C117: 2696 | D117: 696.3 | E117: 141.1 | F117: 1 | G117: 0.3 | H117: OK | J117: =SUMIF($B$2:$B$1501, B117, $D$2:$D$1501) -> 8375.9 | K117: =SUMIF(Supply_Clean[Item_Code], B117, Supply_Clean[Available_Supply]) -> 20393 | L117: =IFERROR(MIN(1, K117/J117), "") -> 1 | M117: =IFERROR(D117*L117, "") -> 696.3 | N117: =IF(L117<1, "ESCASEZ", "SUFICIENTE") -> SUFICIENTE | O117: =IF(N117="ESCASEZ", D117-M117, 0) -> 0
A118: CD-QRO | B118: PRO-1013 | C118: 3357 | D118: 686.2 | E118: 392.3 | F118: 2.2 | G118: 0.4 | H118: OK | J118: =SUMIF($B$2:$B$1501, B118, $D$2:$D$1501) -> 7113.8 | K118: =SUMIF(Supply_Clean[Item_Code], B118, Supply_Clean[Available_Supply]) -> 15134 | L118: =IFERROR(MIN(1, K118/J118), "") -> 1 | M118: =IFERROR(D118*L118, "") -> 686.2 | N118: =IF(L118<1, "ESCASEZ", "SUFICIENTE") -> SUFICIENTE | O118: =IF(N118="ESCASEZ", D118-M118, 0) -> 0
A119: CD-MOR | B119: BEB-1015 | C119: 4639 | D119: 261 | E119: 29.3 | F119: 2.3 | G119: 0.5 | H119: OK | J119: =SUMIF($B$2:$B$1501, B119, $D$2:$D$1501) -> 5073.1 | K119: =SUMIF(Supply_Clean[Item_Code], B119, Supply_Clean[Available_Supply]) -> 14801 | L119: =IFERROR(MIN(1, K119/J119), "") -> 1 | M119: =IFERROR(D119*L119, "") -> 261 | N119: =IF(L119<1, "ESCASEZ", "SUFICIENTE") -> SUFICIENTE | O119: =IF(N119="ESCASEZ", D119-M119, 0) -> 0
A120: CD-TIJ | B120: LAC-1014 | C120: 3200 | D120: 425.4 | E120: 139.4 | F120: 3.2 | G120: 1.5 | H120: OK | J120: =SUMIF($B$2:$B$1501, B120, $D$2:$D$1501) -> 4121.5 | K120: =SUMIF(Supply_Clean[Item_Code], B120, Supply_Clean[Available_Supply]) -> 8260 | L120: =IFERROR(MIN(1, K120/J120), "") -> 1 | M120: =IFERROR(D120*L120, "") -> 425.4 | N120: =IF(L120<1, "ESCASEZ", "SUFICIENTE") -> SUFICIENTE | O120: =IF(N120="ESCASEZ", D120-M120, 0) -> 0
A121: CD-LEO | B121: BOT-1015 | C121: 999999 | D121: 824.6 | E121: 185.9 | F121: 1.1 | G121: 0.6 | H121: ATIPICO | J121: =SUMIF($B$2:$B$1501, B121, $D$2:$D$1501) -> 8666.4 | K121: =SUMIF(Supply_Clean[Item_Code], B121, Supply_Clean[Available_Supply]) -> 5719 | L121: =IFERROR(MIN(1, K121/J121), "") -> 0.65990492 | M121: =IFERROR(D121*L121, "") -> 544.1576 | N121: =IF(L121<1, "ESCASEZ", "SUFICIENTE") -> ESCASEZ | O121: =IF(N121="ESCASEZ", D121-M121, 0) -> 280.4424
A122: CD-MOR | B122: BEB-1003 | C122: 1835 | D122: 230.7 | E122: 28.8 | F122: 2.2 | G122: 0.5 | H122: OK | J122: =SUMIF($B$2:$B$1501, B122, $D$2:$D$1501) -> 5232 | K122: =SUMIF(Supply_Clean[Item_Code], B122, Supply_Clean[Available_Supply]) -> 16426 | L122: =IFERROR(MIN(1, K122/J122), "") -> 1 | M122: =IFERROR(D122*L122, "") -> 230.7 | N122: =IF(L122<1, "ESCASEZ", "SUFICIENTE") -> SUFICIENTE | O122: =IF(N122="ESCASEZ", D122-M122, 0) -> 0
A123: CD-CDMX | B123: BOT-1019 | C123: 4422 | D123: 717.5 | E123: 178.1 | F123: 1 | G123: 0.2 | H123: OK | J123: =SUMIF($B$2:$B$1501, B123, $D$2:$D$1501) -> 9278.3 | K123: =SUMIF(Supply_Clean[Item_Code], B123, Supply_Clean[Available_Supply]) -> 4509 | L123: =IFERROR(MIN(1, K123/J123), "") -> 0.48597265 | M123: =IFERROR(D123*L123, "") -> 348.68537 | N123: =IF(L123<1, "ESCASEZ", "SUFICIENTE") -> ESCASEZ | O123: =IF(N123="ESCASEZ", D123-M123, 0) -> 368.81463
A124: CD-LEO | B124: LAC-1008 | C124: 5639 | D124: 459.5 | E124: 163.7 | F124: 2.3 | G124: 0.6 | H124: OK | J124: =SUMIF($B$2:$B$1501, B124, $D$2:$D$1501) -> 4499.1 | K124: =SUMIF(Supply_Clean[Item_Code], B124, Supply_Clean[Available_Supply]) -> 9543 | L124: =IFERROR(MIN(1, K124/J124), "") -> 1 | M124: =IFERROR(D124*L124, "") -> 459.5 | N124: =IF(L124<1, "ESCASEZ", "SUFICIENTE") -> SUFICIENTE | O124: =IF(N124="ESCASEZ", D124-M124, 0) -> 0
A125: CD-CDMX | B125: BOT-1011 | C125: 15892 | D125: 1047.8 | E125: 283.7 | F125: 1.2 | G125: 0.2 | H125: OK | J125: =SUMIF($B$2:$B$1501, B125, $D$2:$D$1501) -> 9886.3 | K125: =SUMIF(Supply_Clean[Item_Code], B125, Supply_Clean[Available_Supply]) -> 19886 | L125: =IFERROR(MIN(1, K125/J125), "") -> 1 | M125: =IFERROR(D125*L125, "") -> 1047.8 | N125: =IF(L125<1, "ESCASEZ", "SUFICIENTE") -> SUFICIENTE | O125: =IF(N125="ESCASEZ", D125-M125, 0) -> 0
A126: CD-VER | B126: BEB-1001 | C126: 3444 | D126: 595.3 | E126: 96.1 | F126: 4.5 | G126: 0.9 | H126: OK | J126: =SUMIF($B$2:$B$1501, B126, $D$2:$D$1501) -> 6941.9 | K126: =SUMIF(Supply_Clean[Item_Code], B126, Supply_Clean[Available_Supply]) -> 11725 | L126: =IFERROR(MIN(1, K126/J126), "") -> 1 | M126: =IFERROR(D126*L126, "") -> 595.3 | N126: =IF(L126<1, "ESCASEZ", "SUFICIENTE") -> SUFICIENTE | O126: =IF(N126="ESCASEZ", D126-M126, 0) -> 0
... A264: CD-TOL | B264: LAC-1000 | C264: 1856 | D264: 254.9 | E264: 108.4 | F264: 2 | G264: 0.5 | H264: OK | J264: =SUMIF($B$2:$B$1501, B264, $D$2:$D$1501) -> 4987.8 | K264: =SUMIF(Supply_Clean[Item_Code], B264, Supply_Clean[Available_Supply]) -> 12568 | L264: =IFERROR(MIN(1, K264/J264), "") -> 1 | M264: =IFERROR(D264*L264, "") -> 254.9 | N264: =IF(L264<1, "ESCASEZ", "SUFICIENTE") -> SUFICIENTE | O264: =IF(N264="ESCASEZ", D264-M264, 0) -> 0
A265: CD-MTY | B265: ABA-1007 | C265: 0 | D265: 315 | E265: 42.2 | F265: 1.1 | G265: 0.3 | H265: 0 | J265: =SUMIF($B$2:$B$1501, B265, $D$2:$D$1501) -> 4867.3 | K265: =SUMIF(Supply_Clean[Item_Code], B265, Supply_Clean[Available_Supply]) -> 13182 | L265: =IFERROR(MIN(1, K265/J265), "") -> 1 | M265: =IFERROR(D265*L265, "") -> 315 | N265: =IF(L265<1, "ESCASEZ", "SUFICIENTE") -> SUFICIENTE | O265: =IF(N265="ESCASEZ", D265-M265, 0) -> 0
A266: CD-HER | B266: LAC-1010 | C266: 1435 | D266: 177.5 | E266: 60.7 | F266: 4.2 | G266: 1.2 | H266: OK | J266: =SUMIF($B$2:$B$1501, B266, $D$2:$D$1501) -> 4321.7 | K266: =SUMIF(Supply_Clean[Item_Code], B266, Supply_Clean[Available_Supply]) -> 11567 | L266: =IFERROR(MIN(1, K266/J266), "") -> 1 | M266: =IFERROR(D266*L266, "") -> 177.5 | N266: =IF(L266<1, "ESCASEZ", "SUFICIENTE") -> SUFICIENTE | O266: =IF(N266="ESCASEZ", D266-M266, 0) -> 0
A267: CD-GDL | B267: BOT-1007 | C267: 1076 | D267: 0 | E267: 192.4 | F267: 1 | G267: 0.2 | H267: OK | J267: =SUMIF($B$2:$B$1501, B267, $D$2:$D$1501) -> 7508.1 | K267: =SUMIF(Supply_Clean[Item_Code], B267, Supply_Clean[Available_Supply]) -> 16668 | L267: =IFERROR(MIN(1, K267/J267), "") -> 1 | M267: =IFERROR(D267*L267, "") -> 0 | N267: =IF(L267<1, "ESCASEZ", "SUFICIENTE") -> SUFICIENTE | O267: =IF(N267="ESCASEZ", D267-M267, 0) -> 0
A268: CD-QRO | B268: BOT-1002 | C268: 6094 | D268: 722.8 | E268: 145.6 | F268: 1.7 | G268: 0.4 | H268: OK | J268: =SUMIF($B$2:$B$1501, B268, $D$2:$D$1501) -> 8527 | K268: =SUMIF(Supply_Clean[Item_Code], B268, Supply_Clean[Available_Supply]) -> 25048 | L268: =IFERROR(MIN(1, K268/J268), "") -> 1 | M268: =IFERROR(D268*L268, "") -> 722.8 | N268: =IF(L268<1, "ESCASEZ", "SUFICIENTE") -> SUFICIENTE | O268: =IF(N268="ESCASEZ", D268-M268, 0) -> 0
A269: CD-GDL | B269: BEB-1007 | C269: 2281 | D269: 151 | E269: 23.7 | F269: 0.9 | G269: 0.2 | H269: OK | J269: =SUMIF($B$2:$B$1501, B269, $D$2:$D$1501) -> 5039.5 | K269: =SUMIF(Supply_Clean[Item_Code], B269, Supply_Clean[Available_Supply]) -> 12912 | L269: =IFERROR(MIN(1, K269/J269), "") -> 1 | M269: =IFERROR(D269*L269, "") -> 151 | N269: =IF(L269<1, "ESCASEZ", "SUFICIENTE") -> SUFICIENTE | O269: =IF(N269="ESCASEZ", D269-M269, 0) -> 0
A270: CD-PUE | B270: ABA-1012 | C270: 7675 | D270: 494.7 | E270: 44.6 | F270: 1 | G270: 0.3 | H270: OK | J270: =SUMIF($B$2:$B$1501, B270, $D$2:$D$1501) -> 5104.4 | K270: =SUMIF(Supply_Clean[Item_Code], B270, Supply_Clean[Available_Supply]) -> 8396 | L270: =IFERROR(MIN(1, K270/J270), "") -> 1 | M270: =IFERROR(D270*L270, "") -> 494.7 | N270: =IF(L270<1, "ESCASEZ", "SUFICIENTE") -> SUFICIENTE | O270: =IF(N270="ESCASEZ", D270-M270, 0) -> 0
A271: CD-CAN | B271: LAC-1015 | C271: 2283 | D271: 210.9 | E271: 73 | F271: 6 | G271: 1.6 | H271: OK | J271: =SUMIF($B$2:$B$1501, B271, $D$2:$D$1501) -> 3982.7 | K271: =SUMIF(Supply_Clean[Item_Code], B271, Supply_Clean[Available_Supply]) -> 8604 | L271: =IFERROR(MIN(1, K271/J271), "") -> 1 | M271: =IFERROR(D271*L271, "") -> 210.9 | N271: =IF(L271<1, "ESCASEZ", "SUFICIENTE") -> SUFICIENTE | O271: =IF(N271="ESCASEZ", D271-M271, 0) -> 0
A272: CD-GDL | B272: ABA-1008 | C272: 4543 | D272: 455.1 | E272: 57.6 | F272: 0.6 | G272: 0.2 | H272: OK | J272: =SUMIF($B$2:$B$1501, B272, $D$2:$D$1501) -> 4717.2 | K272: =SUMIF(Supply_Clean[Item_Code], B272, Supply_Clean[Available_Supply]) -> 9747 | L272: =IFERROR(MIN(1, K272/J272), "") -> 1 | M272: =IFERROR(D272*L272, "") -> 455.1 | N272: =IF(L272<1, "ESCASEZ", "SUFICIENTE") -> SUFICIENTE | O272: =IF(N272="ESCASEZ", D272-M272, 0) -> 0
A273: CD-CDMX | B273: BEB-1015 | C273: 4764 | D273: 269.4 | E273: 38.6 | F273: 0.9 | G273: 0.2 | H273: OK | J273: =SUMIF($B$2:$B$1501, B273, $D$2:$D$1501) -> 5073.1 | K273: =SUMIF(Supply_Clean[Item_Code], B273, Supply_Clean[Available_Supply]) -> 14801 | L273: =IFERROR(MIN(1, K273/J273), "") -> 1 | M273: =IFERROR(D273*L273, "") -> 269.4 | N273: =IF(L273<1, "ESCASEZ", "SUFICIENTE") -> SUFICIENTE | O273: =IF(N273="ESCASEZ", D273-M273, 0) -> 0
A274: CD-TOL | B274: ABA-1003 | C274: 208 | D274: 180.2 | E274: 16 | F274: 1.9 | G274: 0.5 | H274: OK | J274: =SUMIF($B$2:$B$1501, B274, $D$2:$D$1501) -> 4709.8 | K274: =SUMIF(Supply_Clean[Item_Code], B274, Supply_Clean[Available_Supply]) -> 11700 | L274: =IFERROR(MIN(1, K274/J274), "") -> 1 | M274: =IFERROR(D274*L274, "") -> 180.2 | N274: =IF(L274<1, "ESCASEZ", "SUFICIENTE") -> SUFICIENTE | O274: =IF(N274="ESCASEZ", D274-M274, 0) -> 0
A275: CD-LEO | B275: BEB-1016 | C275: 3432 | D275: 523 | E275: 67 | F275: 1.8 | G275: 0.6 | H275: OK | J275: =SUMIF($B$2:$B$1501, B275, $D$2:$D$1501) -> 5569.2 | K275: =SUMIF(Supply_Clean[Item_Code], B275, Supply_Clean[Available_Supply]) -> 14537 | L275: =IFERROR(MIN(1, K275/J275), "") -> 1 | M275: =IFERROR(D275*L275, "") -> 523 | N275: =IF(L275<1, "ESCASEZ", "SUFICIENTE") -> SUFICIENTE | O275: =IF(N275="ESCASEZ", D275-M275, 0) -> 0
A276: CD-VER | B276: BOT-1005 | C276: 10179 | D276: 722 | E276: 143.6 | F276: 2.8 | G276: 0.9 | H276: OK | J276: =SUMIF($B$2:$B$1501, B276, $D$2:$D$1501) -> 8620.3 | K276: =SUMIF(Supply_Clean[Item_Code], B276, Supply_Clean[Available_Supply]) -> 23903 | L276: =IFERROR(MIN(1, K276/J276), "") -> 1 | M276: =IFERROR(D276*L276, "") -> 722 | N276: =IF(L276<1, "ESCASEZ", "SUFICIENTE") -> SUFICIENTE | O276: =IF(N276="ESCASEZ", D276-M276, 0) -> 0
A277: CD-MER | B277: LAC-1007 | C277: 3615 | D277: 281.2 | E277: 93 | F277: 3.1 | G277: 1.3 | H277: OK | J277: =SUMIF($B$2:$B$1501, B277, $D$2:$D$1501) -> 4093.8 | K277: =SUMIF(Supply_Clean[Item_Code], B277, Supply_Clean[Available_Supply]) -> 11651 | L277: =IFERROR(MIN(1, K277/J277), "") -> 1 | M277: =IFERROR(D277*L277, "") -> 281.2 | N277: =IF(L277<1, "ESCASEZ", "SUFICIENTE") -> SUFICIENTE | O277: =IF(N277="ESCASEZ", D277-M277, 0) -> 0
... A287: CD-LEO | B287: ABA-1010 | C287: 4611 | D287: 463 | E287: 41.3 | F287: 1.7 | G287: 0.6 | H287: OK | J287: =SUMIF($B$2:$B$1501, B287, $D$2:$D$1501) -> 4871.7 | K287: =SUMIF(Supply_Clean[Item_Code], B287, Supply_Clean[Available_Supply]) -> 9875 | L287: =IFERROR(MIN(1, K287/J287), "") -> 1 | M287: =IFERROR(D287*L287, "") -> 463 | N287: =IF(L287<1, "ESCASEZ", "SUFICIENTE") -> SUFICIENTE | O287: =IF(N287="ESCASEZ", D287-M287, 0) -> 0
A288: CD-PUE | B288: BOT-1021 | C288: 0 | D288: 484.6 | E288: 97.7 | F288: 0.6 | G288: 0.3 | H288: 0 | J288: =SUMIF($B$2:$B$1501, B288, $D$2:$D$1501) -> 6783.3 | K288: =SUMIF(Supply_Clean[Item_Code], B288, Supply_Clean[Available_Supply]) -> 13475 | L288: =IFERROR(MIN(1, K288/J288), "") -> 1 | M288: =IFERROR(D288*L288, "") -> 484.6 | N288: =IF(L288<1, "ESCASEZ", "SUFICIENTE") -> SUFICIENTE | O288: =IF(N288="ESCASEZ", D288-M288, 0) -> 0
A289: CD-LEO | B289: LAC-1007 | C289: 4653 | D289: 362.5 | E289: 129.8 | F289: 1.2 | G289: 0.6 | H289: OK | J289: =SUMIF($B$2:$B$1501, B289, $D$2:$D$1501) -> 4093.8 | K289: =SUMIF(Supply_Clean[Item_Code], B289, Supply_Clean[Available_Supply]) -> 11651 | L289: =IFERROR(MIN(1, K289/J289), "") -> 1 | M289: =IFERROR(D289*L289, "") -> 362.5 | N289: =IF(L289<1, "ESCASEZ", "SUFICIENTE") -> SUFICIENTE | O289: =IF(N289="ESCASEZ", D289-M289, 0) -> 0
A290: CD-VER | B290: PRO-1001 | C290: 5866 | D290: 628.5 | E290: 373.3 | F290: 3.3 | G290: 0.9 | H290: OK | J290: =SUMIF($B$2:$B$1501, B290, $D$2:$D$1501) -> 6433.3 | K290: =SUMIF(Supply_Clean[Item_Code], B290, Supply_Clean[Available_Supply]) -> 10011 | L290: =IFERROR(MIN(1, K290/J290), "") -> 1 | M290: =IFERROR(D290*L290, "") -> 628.5 | N290: =IF(L290<1, "ESCASEZ", "SUFICIENTE") -> SUFICIENTE | O290: =IF(N290="ESCASEZ", D290-M290, 0) -> 0
A291: CD-PUE | B291: BOT-1009 | C291: 2662 | D291: 261.8 | E291: 52.6 | F291: 0.9 | G291: 0.3 | H291: OK | J291: =SUMIF($B$2:$B$1501, B291, $D$2:$D$1501) -> 8135.5 | K291: =SUMIF(Supply_Clean[Item_Code], B291, Supply_Clean[Available_Supply]) -> 17475 | L291: =IFERROR(MIN(1, K291/J291), "") -> 1 | M291: =IFERROR(D291*L291, "") -> 261.8 | N291: =IF(L291<1, "ESCASEZ", "SUFICIENTE") -> SUFICIENTE | O291: =IF(N291="ESCASEZ", D291-M291, 0) -> 0
A292: CD-TOL | B292: BEB-1015 | C292: 6418 | D292: 641.3 | E292: 85.4 | F292: 2.2 | G292: 0.5 | H292: OK | J292: =SUMIF($B$2:$B$1501, B292, $D$2:$D$1501) -> 5073.1 | K292: =SUMIF(Supply_Clean[Item_Code], B292, Supply_Clean[Available_Supply]) -> 14801 | L292: =IFERROR(MIN(1, K292/J292), "") -> 1 | M292: =IFERROR(D292*L292, "") -> 641.3 | N292: =IF(L292<1, "ESCASEZ", "SUFICIENTE") -> SUFICIENTE | O292: =IF(N292="ESCASEZ", D292-M292, 0) -> 0
...

Sheet Supply_Clean
A1: Plant | B1: Item_Code | C1: Available_Supply
A2: PL-SUR | B2: BEB-1000 | C2: 14592
A3: PL-CEN | B3: BEB-1001 | C3: 11725
A4: PL-NTE | B4: BEB-1002 | C4: 13052
A5: PL-SUR | B5: BEB-1003 | C5: 16426
A6: PL-CEN | B6: BEB-1004 | C6: 15672
A7: PL-CEN | B7: BEB-1005 | C7: 14054
A8: PL-CEN | B8: BEB-1006 | C8: 12324
A9: PL-NTE | B9: BEB-1007 | C9: 12912
A10: PL-SUR | B10: BEB-1008 | C10: 18019
A11: PL-CEN | B11: BEB-1009 | C11: 10475
A12: PL-SUR | B12: BEB-1010 | C12: 3237
A13: PL-CEN | B13: BEB-1011 | C13: 13720
... A101: PL-CEN | B101: PRO-1015 | C101: 15970

Sheet Transit_Clean
A1: Order_ID | B1: Origin | C1: Destination | D1: Item_Code | E1: Quantity | F1: Dispatch_Date | G1: SAP_Status | H1: Qty_Quality
A2: SO-50312 | B2: PL-SUR | C2: CD-MER | D2: LAC-1013 | E2: 2260 | F2: 31/05/2026 | G2: In Transit | H2: OK
A3: SO-50626 | B3: PL-SUR | C3: CD-LEO | D3: BOT-1001 | E3: 1998 | F3: 02/06/2026 | G3: Delivered | H3: OK
A4: SO-51025 | B4: PL-SUR | C4: CD-CAN | D4: LAC-1003 | E4: 2320 | F4: 20/05/2026 | G4: In Transit | H4: OK
A5: SO-50101 | B5: PL-CEN | C5: CD-TOL | D5: BOT-1011 | E5: 2534 | F5: 03/06/2026 | G5: In Transit | H5: OK
A6: SO-50776 | B6: PL-SUR | C6: CD-LEO | D6: PRO-1000 | E6: 1036 | F6: 03/06/2026 | G6: In Transit | H6: OK
A7: SO-50491 | B7: PL-NTE | C7: CD-TIJ | D7: PRO-1005 | E7: 530 | F7: 31/05/2026 | G7: In Transit | H7: OK
A8: SO-50006 | B8: PL-SUR | C8: CD-LEO | D8: PRO-1009 | E8: 1089 | F8: 03/06/2026 | G8: In Transit | H8: OK
A9: SO-50058 | B9: PL-NTE | C9: CD-CHI | D9: LAC-1002 | E9: 2802 | F9: 03/06/2026 | G9: In Transit | H9: OK
A10: SO-51008 | B10: PL-SUR | C10: CD-MOR | D10: LAC-1016 | E10: 1766 | F10: 21/05/2026 | G10: In Transit | H10: OK
A11: SO-50262 | B11: PL-SUR | C11: CD-MOR | D11: LAC-1014 | E11: 2414 | F11: 02/06/2026 | G11: In Transit | H11: OK
A12: SO-50124 | B12: PL-NTE | C12: CD-TIJ | D12: BEB-1006 | E12: 736 | F12: 01/06/2026 | G12: In Transit | H12: OK
A13: SO-50587 | B13: PL-CEN | C13: CD-TOL | D13: ABA-1011 | E13: 2027 | F13: 02/06/2026 | G13: In Transit | H13: OK
... A1106: SO-50886 | B1106: PL-NTE | C1106: CD-SAL | D1106: BEB-1000 | E1106: 1170 | F1106: 03/06/2026 | G1106: In Transit | H1106: OK

Sheet Inventory_Clean
A1: DC | B1: Item_Code | C1: Current_Inventory | D1: Avg_Daily_Demand | E1: Demand_StdDev | F1: Lead_Time_Days | G1: Lead_Time_StdDev | H1: Inv_Quality
A2: CD-TOL | B2: PRO-1014 | C2: 2862 | D2: 395 | E2: 268.5 | F2: 2 | G2: 0.5 | H2: OK
A3: CD-CDMX | B3: BOT-1006 | C3: 3657 | D3: 408.6 | E3: 117.3 | F3: 0.7 | G3: 0.2 | H3: OK
A4: CD-VER | B4: BEB-1011 | C4: 4182 | E4: 63.7 | F4: 5 | G4: 0.9 | H4: OK
A5: CD-TOL | B5: ABA-1007 | C5: 8913 | D5: 553.8 | E5: 67.5 | F5: 1.7 | G5: 0.5 | H5: OK
A6: CD-CDMX | B6: BEB-1000 | C6: 6474 | D6: 366.7 | E6: 43.8 | F6: 0.7 | G6: 0.2 | H6: OK
A7: CD-CDMX | B7: BOT-1013 | C7: 7599 | D7: 454.2 | E7: 93.4 | F7: 1.1 | G7: 0.2 | H7: OK
A8: CD-VER | B8: BOT-1010 | C8: 6848 | D8: 784.3 | E8: 122.2 | F8: 3.1 | G8: 0.9 | H8: OK
A9: CD-CHI | B9: LAC-1006 | C9: 1444 | D9: 209.7 | E9: 56.1 | F9: 3.1 | G9: 1 | H9: OK
A10: CD-VER | B10: BOT-1012 | C10: 16574 | D10: 948.9 | E10: 207.4 | F10: 0.9 | G10: 0.9 | H10: OK
A11: CD-PUE | B11: ABA-1007 | C11: 1422 | D11: 289.9 | E11: 31.2 | F11: 0.5 | G11: 0.3 | H11: OK
A12: CD-CHI | B12: PRO-1001 | C12: 8663 | D12: 495.2 | E12: 204.3 | F12: 2.1 | G12: 1 | H12: OK
A13: CD-TIJ | B13: BOT-1016 | C13: 580 | D13: 800.5 | E13: 236.1 | F13: 3.4 | G13: 1.5 | H13: OK
A14: CD-PUE | B14: BOT-1001 | C14: 4706 | D14: 1097.7 | E14: 258.7 | F14: 0.9 | G14: 0.3 | H14: OK
A15: CD-PUE | B15: BOT-1010 | C15: 1583 | D15: 833.9 | E15: 188.9 | F15: 0.8 | G15: 0.3 | H15: OK
A16: CD-QRO | B16: BEB-1015 | C16: 1077 | D16: 325.9 | E16: 33 | F16: 1.2 | G16: 0.4 | H16: OK
... A37: CD-QRO | B37: ABA-1004 | C37: 1575 | D37: 188.3 | E37: 17.7 | F37: 1.8 | G37: 0.4 | H37: OK
A38: CD-SAL | B38: LAC-1000 | D38: 334.9 | E38: 99.2 | F38: 1.7 | G38: 0.5
A39: CD-MTY | B39: BOT-1003 | C39: 9638 | D39: 541.9 | E39: 88.2 | F39: 1.1 | G39: 0.3 | H39: OK
A40: CD-CHI | B40: LAC-1010 | C40: 4103 | D40: 485.8 | E40: 198.2 | F40: 2.5 | G40: 1 | H40: OK
A41: CD-MOR | B41: BEB-1002 | C41: 2497 | D41: 162.4 | E41: 19.3 | F41: 1.7 | G41: 0.5 | H41: OK
A42: CD-CDMX | B42: LAC-1008 | C42: 2440 | D42: 275.4 | E42: 102.8 | F42: 0.6 | G42: 0.2 | H42: OK
A43: CD-QRO | B43: BOT-1014 | C43: 1048 | D43: 360.1 | E43: 85.6 | F43: 1.7 | G43: 0.4 | H43: OK
A44: CD-GDL | B44: PRO-1000 | C44: 3885 | D44: 394.7 | E44: 258.3 | F44: 0.5 | G44: 0.2 | H44: OK
A45: CD-QRO | B45: LAC-1008 | C45: 2600 | D45: 152.7 | E45: 51.4 | F45: 1.7 | G45: 0.4 | H45: OK
A46: CD-CHI | B46: BOT-1010 | C46: 5685 | D46: 352.1 | E46: 103.1 | F46: 4.2 | G46: 1 | H46: OK
A47: CD-MER | B47: BOT-1016 | C47: 2068 | D47: 378.2 | E47: 89.2 | F47: 1.8 | G47: 1.3 | H47: OK
A48: CD-SAL | B48: BOT-1009 | C48: 10536 | D48: 627 | E48: 160.4 | F48: 2 | G48: 0.5 | H48: OK
A49: CD-CAN | B49: ABA-1006 | C49: 6643 | D49: 463.7 | E49: 43.5 | F49: 7.7 | G49: 1.6 | H49: OK
A50: CD-MTY | B50: LAC-1000 | C50: 3134 | D50: 370.7 | E50: 133.6 | F50: 1.3 | G50: 0.3 | H50: OK
... A56: CD-QRO | B56: LAC-1010 | C56: 5387 | D56: 315.9 | E56: 131.3 | F56: 1.7 | G56: 0.4 | H56: OK
A57: CD-GDL | B57: BEB-1021 | D57: 414.7 | E57: 49.3 | F57: 1.1 | G57: 0.2
A58: CD-MER | B58: BEB-1020 | C58: 3654 | D58: 468.4 | E58: 83.8 | F58: 1.5 | G58: 1.3 | H58: OK
A59: CD-MER | B59: PRO-1000 | C59: 2172 | D59: 170.9 | E59: 106.9 | F59: 5.1 | G59: 1.3 | H59: OK
A60: CD-HER | B60: BEB-1009 | C60: 2699 | D60: 196 | E60: 31.3 | F60: 2.9 | G60: 1.2 | H60: OK
A61: CD-CDMX | B61: ABA-1001 | C61: 1154 | D61: 362.4 | E61: 45.4 | F61: 1.2 | G61: 0.2 | H61: OK
A62: CD-QRO | B62: BEB-1017 | D62: 349.7 | E62: 68.7 | F62: 1.1 | G62: 0.4
A63: CD-TIJ | B63: ABA-1007 | D63: 336.6 | E63: 38.2 | F63: 5.9 | G63: 1.5
A64: CD-MER | B64: LAC-1001 | C64: 2390 | D64: 265.8 | E64: 95 | F64: 6.3 | G64: 1.3 | H64: OK
A65: CD-CAN | B65: LAC-1010 | C65: 1363 | D65: 363.8 | E65: 116.7 | F65: 2.9 | G65: 1.6 | H65: OK
A66: CD-LEO | B66: BEB-1009 | C66: 3354 | D66: 379.3 | E66: 69.3 | F66: 1.8 | G66: 0.6 | H66: OK
A67: CD-HER | B67: BEB-1015 | C67: 448 | D67: 324.3 | E67: 47.3 | F67: 3.8 | G67: 1.2 | H67: OK
A68: CD-TOL | B68: PRO-1007 | C68: 1903 | E68: 319.6 | F68: 2 | G68: 0.5 | H68: OK
A69: CD-MOR | B69: LAC-1014 | C69: 736 | D69: 255.2 | E69: 112.2 | F69: 2.4 | G69: 0.5 | H69: OK
A70: CD-HER | B70: ABA-1006 | C70: 343 | D70: 257.9 | E70: 22.5 | F70: 3.7 | G70: 1.2 | H70: OK
A71: CD-QRO | B71: ABA-1011 | C71: 2361 | D71: 551.6 | E71: 80.8 | F71: 2 | G71: 0.4 | H71: OK
A72: CD-CHI | B72: ABA-1013 | C72: 5718 | D72: 483.7 | E72: 60.3 | F72: 3.9 | G72: 1 | H72: OK
A73: CD-MOR | B73: BEB-1016 | C73: 2292 | D73: 478.5 | E73: 75.5 | F73: 2.1 | G73: 0.5 | H73: OK
A74: CD-TIJ | B74: BEB-1016 | D74: 565.9 | E74: 57.7 | F74: 7.9 | G74: 1.5
A75: CD-MOR | B75: PRO-1007 | C75: 2826 | D75: 271.9 | E75: 163.1 | F75: 2.9 | G75: 0.5 | H75: OK
A76: CD-CHI | B76: BEB-1011 | C76: 4046 | D76: 444.7 | E76: 74.4 | F76: 3.6 | G76: 1 | H76: OK
A77: CD-HER | B77: BOT-1010 | C77: 351 | D77: 359.9 | E77: 62.9 | F77: 5.4 | G77: 1.2 | H77: OK
A78: CD-MTY | B78: BOT-1015 | C78: 856 | D78: 566.9 | E78: 162.5 | F78: 1.1 | G78: 0.3 | H78: OK
A79: CD-QRO | B79: PRO-1005 | C79: 1158 | D79: 105.1 | E79: 66.6 | F79: 2.1 | G79: 0.4 | H79: OK
A80: CD-LEO | B80: PRO-1008 | C80: 1441 | D80: 509.2 | E80: 299.8 | F80: 2.6 | G80: 0.6 | H80: OK
A81: CD-CDMX | B81: ABA-1015 | C81: 999999 | D81: 269.3 | E81: 25.7 | F81: 1.2 | G81: 0.2 | H81: ATIPICO
A82: CD-CHI | B82: ABA-1014 | D82: 203.6 | E82: 18.4 | F82: 3.1 | G82: 1
A83: CD-CHI | B83: BOT-1020 | C83: 3824 | D83: 371.1 | E83: 68.3 | F83: 2.4 | G83: 1 | H83: OK
A84: CD-CAN | B84: LAC-1003 | C84: 1484 | E84: 46.7 | F84: 3.6 | G84: 1.6 | H84: OK
A85: CD-QRO | B85: LAC-1005 | C85: 1801 | D85: 156.3 | E85: 56.3 | F85: 1.9 | G85: 0.4 | H85: OK
A86: CD-QRO | B86: LAC-1009 | C86: 1300 | D86: 396.1 | E86: 164.7 | F86: 2.1 | G86: 0.4 | H86: OK
A87: CD-MER | B87: BOT-1006 | C87: 5113 | D87: 360.9 | E87: 81 | F87: 2.4 | G87: 1.3 | H87: OK
A88: CD-MTY | B88: LAC-1014 | C88: 1441 | D88: 137.1 | E88: 53.8 | F88: 1 | G88: 0.3 | H88: OK
A89: CD-MER | B89: BOT-1019 | C89: 5245 | D89: 390.7 | E89: 63.6 | F89: 5.7 | G89: 1.3 | H89: OK
A90: CD-LEO | B90: BOT-1013 | C90: 15116 | D90: 913.7 | E90: 146.9 | F90: 1.1 | G90: 0.6 | H90: OK
A91: CD-TOL | B91: BEB-1008 | C91: 2432 | D91: 594.5 | E91: 100.6 | F91: 2 | G91: 0.5 | H91: OK
A92: CD-CDMX | B92: ABA-1011 | C92: 2084 | D92: 236.9 | E92: 22.5 | F92: 1.2 | G92: 0.2 | H92: OK
A93: CD-VER | B93: LAC-1015 | C93: 2263 | D93: 199.8 | E93: 84.6 | F93: 3.4 | G93: 0.9 | H93: OK
A94: CD-MOR | B94: BOT-1023 | C94: 3238 | D94: 268.6 | E94: 58.8 | F94: 2.5 | G94: 0.5 | H94: OK
A95: CD-TIJ | B95: LAC-1013 | C95: 1712 | D95: 393.6 | E95: 143.9 | F95: 4.1 | G95: 1.5 | H95: OK
A96: CD-CDMX | B96: BOT-1010 | C96: 1085 | D96: 329.2 | E96: 85.6 | F96: 1.3 | G96: 0.2 | H96: OK
... A113: CD-CDMX | B113: ABA-1010 | C113: 1589 | D113: 303.6 | E113: 34.4 | F113: 0.8 | G113: 0.2 | H113: OK
A114: CD-MTY | B114: BOT-1021 | D114: 687 | E114: 149.5 | F114: 1.1 | G114: 0.3
A115: CD-MTY | B115: PRO-1010 | C115: 6970 | D115: 831.4 | E115: 363.7 | F115: 1.8 | G115: 0.3 | H115: OK
A116: CD-CAN | B116: ABA-1011 | C116: 1368 | D116: 453.5 | E116: 57.9 | F116: 3.9 | G116: 1.6 | H116: OK
A117: CD-MTY | B117: BOT-1001 | C117: 2696 | D117: 696.3 | E117: 141.1 | F117: 1 | G117: 0.3 | H117: OK
A118: CD-QRO | B118: PRO-1013 | C118: 3357 | D118: 686.2 | E118: 392.3 | F118: 2.2 | G118: 0.4 | H118: OK
A119: CD-MOR | B119: BEB-1015 | C119: 4639 | D119: 261 | E119: 29.3 | F119: 2.3 | G119: 0.5 | H119: OK
A120: CD-TIJ | B120: LAC-1014 | C120: 3200 | D120: 425.4 | E120: 139.4 | F120: 3.2 | G120: 1.5 | H120: OK
A121: CD-LEO | B121: BOT-1015 | C121: 999999 | D121: 824.6 | E121: 185.9 | F121: 1.1 | G121: 0.6 | H121: ATIPICO
A122: CD-MOR | B122: BEB-1003 | C122: 1835 | D122: 230.7 | E122: 28.8 | F122: 2.2 | G122: 0.5 | H122: OK
A123: CD-CDMX | B123: BOT-1019 | C123: 4422 | D123: 717.5 | E123: 178.1 | F123: 1 | G123: 0.2 | H123: OK
A124: CD-LEO | B124: LAC-1008 | C124: 5639 | D124: 459.5 | E124: 163.7 | F124: 2.3 | G124: 0.6 | H124: OK
A125: CD-CDMX | B125: BOT-1011 | C125: 15892 | D125: 1047.8 | E125: 283.7 | F125: 1.2 | G125: 0.2 | H125: OK
A126: CD-VER | B126: BEB-1001 | C126: 3444 | D126: 595.3 | E126: 96.1 | F126: 4.5 | G126: 0.9 | H126: OK
... A214: CD-MTY | B214: BOT-1022 | C214: 7174 | D214: 928 | E214: 171 | F214: 1.3 | G214: 0.3 | H214: OK
A215: CD-PUE | B215: BOT-1011 | C215: 767 | E215: 167.5 | F215: 1 | G215: 0.3 | H215: OK
A216: CD-CAN | B216: BOT-1012 | C216: 3419 | D216: 255.3 | E216: 64.4 | F216: 7.8 | G216: 1.6 | H216: OK
A217: CD-MER | B217: BEB-1002 | C217: 4146 | D217: 308.6 | E217: 35.4 | F217: 5.5 | G217: 1.3 | H217: OK
A218: CD-CHI | B218: PRO-1000 | C218: 6350 | D218: 441.2 | E218: 203.7 | F218: 3.3 | G218: 1 | H218: OK
A219: CD-LEO | B219: BOT-1019 | C219: 5817 | D219: 714.9 | E219: 207 | F219: 1.8 | G219: 0.6 | H219: OK
A220: CD-CAN | B220: ABA-1012 | C220: 465 | D220: 392.2 | E220: 46.2 | F220: 4 | G220: 1.6 | H220: OK
A221: CD-CDMX | B221: BOT-1007 | C221: 6116 | D221: 517.8 | E221: 123.5 | F221: 0.9 | G221: 0.2 | H221: OK
A222: CD-LEO | B222: LAC-1010 | C222: 2945 | D222: 342 | E222: 99.1 | F222: 1.6 | G222: 0.6 | H222: OK
A223: CD-MOR | B223: BEB-1007 | C223: 1666 | D223: 246.7 | E223: 44.1 | F223: 1.9 | G223: 0.5 | H223: OK
A224: CD-MTY | B224: BOT-1016 | C224: 15661 | D224: 987.7 | E224: 239 | F224: 1.2 | G224: 0.3 | H224: OK
A225: CD-SAL | B225: BEB-1003 | C225: 4488 | D225: 495.9 | E225: 75.6 | F225: 1.4 | G225: 0.5 | H225: OK
A226: CD-TIJ | B226: ABA-1003 | C226: 7145 | D226: 398.8 | E226: 58.5 | F226: 5.6 | G226: 1.5 | H226: OK
A227: CD-QRO | B227: LAC-1002 | C227: 5800 | D227: 335.8 | E227: 127.5 | F227: 2.1 | G227: 0.4 | H227: OK
... A233: CD-CAN | B233: BOT-1004 | C233: 1731 | D233: 637.6 | E233: 158.2 | F233: 7.5 | G233: 1.6 | H233: OK
...

Sheet Master_Clean
A1: Item_Code | B1: Description | C1: Category | D1: Weight_kg | E1: Units_Per_Pallet | F1: Shelf_Life_Days
A2: ABA-1008 | B2: Azucar 2Kg | C2: Abarrotes Secos | D2: 10.6 | E2: 96 | F2: 445
A3: ABA-1014 | B3: Harina 2Kg | C3: Abarrotes Secos | D3: 9.56 | E3: 136 | F3: 345
A4: BOT-1009 | B4: Papas Fritas 45G | C4: Botanas Alto Volumen | D4: 5.25 | E4: 76 | F4: 104
A5: BEB-1005 | B5: Refresco Toronja 355Ml | C5: Bebidas Pesadas | D5: 14.2 | E5: 95 | F5: 277
A6: BEB-1002 | B6: Refresco Cola 1L | C6: Bebidas Pesadas | E6: 69 | F6: 291
A7: LAC-1000 | B7: Crema 900Ml | C7: Lacteos Perecederos | D7: 8.18 | E7: 90 | F7: 29
A8: BOT-1016 | B8: Cacahuates 120G | C8: Botanas Alto Volumen | D8: 5.53 | E8: 42 | F8: 114
A9: PRO-1009 | B9: Temporada Pack 6 | C9: Estacional Promo | D9: 11.96 | E9: 101 | F9: 90
A10: BEB-1000 | B10: Te Helado 1L | C10: Bebidas Pesadas | D10: 16.49 | E10: 102 | F10: 315
A11: BOT-1017 | B11: Frituras Maiz 170G | C11: Botanas Alto Volumen | D11: 3.75 | E11: 41 | F11: 106
A12: LAC-1014 | B12: Yogurt Griego 1000G | C12: Lacteos Perecederos | D12: 8.05 | E12: 147 | F12: 28
A13: ABA-1017 | B13: Azucar 1Kg | C13: Abarrotes Secos | D13: 10.96 | E13: 128 | F13: 520
A14: BEB-1012 | B14: Te Helado 2L | C14: Bebidas Pesadas | D14: 15.66 | E14: 72 | F14: 306
A15: PRO-1014 | B15: Edicion Limitada 6Pz | C15: Estacional Promo | D15: 5.27 | E15: 60 | F15: 129
A16: BOT-1014 | B16: Botana Mixta 350G | C16: Botanas Alto Volumen | D16: 3.92 | E16: 49 | F16: 98
A17: LAC-1002 | B17: Yogurt Bebible 900Ml | C17: Lacteos Perecederos | D17: 7.71 | E17: 101 | F17: 23
A18: BOT-1001 | B18: Cacahuates 60G | C18: Botanas Alto Volumen | D18: 6.95 | E18: 66 | F18: 95
A19: ABA-1001 | B19: Arroz 1Kg | C19: Abarrotes Secos | E19: 100 | F19: 512
A20: LAC-1007 | B20: Yogurt Bebible 900Ml | C20: Lacteos Perecederos | D20: 10.37 | E20: 100 | F20: 24
A21: PRO-1008 | B21: Edicion Especial Pack 12 | C21: Estacional Promo | D21: 11.98 | E21: 86 | F21: 123
A22: PRO-1013 | B22: Combo Fiesta 10Pz | C22: Estacional Promo | D22: 4.37 | E22: 58 | F22: 92
A23: LAC-1005 | B23: Crema 450Ml | C23: Lacteos Perecederos | D23: 8.94 | E23: 100 | F23: 17
A24: BOT-1013 | B24: Botana Mixta 200G | C24: Botanas Alto Volumen | D24: 4 | E24: 58 | F24: 112
A25: BOT-1015 | B25: Cacahuates 60G | C25: Botanas Alto Volumen | D25: 3.64 | E25: 62 | F25: 114
A26: ABA-1003 | B26: Avena 200G | C26: Abarrotes Secos | D26: 8.67 | E26: 124 | F26: 512
A27: LAC-1004 | B27: Yogurt Bebible 220Ml | C27: Lacteos Perecederos | D27: 11.45 | E27: 93 | F27: 16
A28: BEB-1021 | B28: Agua Mineral 1.5L | C28: Bebidas Pesadas | D28: 16.28 | E28: 90 | F28: 280
A29: BEB-1001 | B29: Agua Mineral 1.5L | C29: Bebidas Pesadas | D29: 19.18 | E29: 95 | F29: 208
A30: LAC-1001 | B30: Yogurt Griego 1000G | C30: Lacteos Perecederos | D30: 7.51 | E30: 83 | F30: 18
A31: PRO-1010 | B31: Edicion Especial Pack 6 | C31: Estacional Promo | D31: 7.76 | E31: 86 | F31: 112
... A56: BOT-1023 | B56: Botana Mixta 200G | C56: Botanas Alto Volumen | D56: 4.29 | E56: 44 | F56: 111
A57: BOT-1007 | B57: Cacahuates 210G | C57: Botanas Alto Volumen | E57: 49 | F57: 104
A58: LAC-1008 | B58: Yogurt Griego 500G | C58: Lacteos Perecederos | D58: 9.8 | E58: 83 | F58: 15
A59: BEB-1011 | B59: Te Helado 2L | C59: Bebidas Pesadas | D59: 23.39 | E59: 79 | F59: 329
A60: PRO-1000 | B60: Temporada Pack 6 | C60: Estacional Promo | D60: 12.51 | E60: 73 | F60: 75
A61: LAC-1013 | B61: Yogurt Bebible 220Ml | C61: Lacteos Perecederos | D61: 8.32 | E61: 98 | F61: 16
A62: ABA-1018 | B62: Azucar 1Kg | C62: Abarrotes Secos | D62: 11.43 | E62: 128 | F62: 530
A63: BEB-1006 | B63: Refresco Toronja 500Ml | C63: Bebidas Pesadas | D63: 17.18 | E63: 81 | F63: 293
A64: ABA-1005 | B64: Cereal 200G | C64: Abarrotes Secos | D64: 13.31 | E64: 89 | F64: 313
A65: PRO-1007 | B65: Combo Fiesta 10Pz | C65: Estacional Promo | D65: 13.13 | E65: 82 | F65: 105
A66: BOT-1021 | B66: Totopos 500G | C66: Botanas Alto Volumen | D66: 5.04 | E66: 47 | F66: 96
A67: BEB-1017 | B67: Bebida Deportiva 500Ml | C67: Bebidas Pesadas | D67: 21.3 | E67: 108 | F67: 345
A68: ABA-1013 | B68: Avena 800G | C68: Abarrotes Secos | D68: 12.02 | E68: 75 | F68: 402
A69: BEB-1018 | B69: Refresco Cola 1L | C69: Bebidas Pesadas | D69: 19.17 | E69: 119 | F69: 196
A70: PRO-1004 | B70: Pack Promocional 12Pz | C70: Estacional Promo | D70: 12.77 | E70: 96 | F70: 122
A71: BEB-1010 | B71: Refresco Toronja 355Ml | C71: Bebidas Pesadas | E71: 71 | F71: 192
A72: BOT-1010 | B72: Chicharron 40G | C72: Botanas Alto Volumen | D72: 5.09 | E72: 40 | F72: 90
A73: LAC-1011 | B73: Yogurt Griego 500G | C73: Lacteos Perecederos | D73: 6.1 | E73: 137 | F73: 17
A74: LAC-1015 | B74: Leche Deslactosada 1.5L | C74: Lacteos Perecederos | D74: 11.26 | E74: 129 | F74: 24
A75: ABA-1016 | B75: Avena 400G | C75: Abarrotes Secos | D75: 15.52 | E75: 121 | F75: 517
A76: ABA-1010 | B76: Harina 2Kg | C76: Abarrotes Secos | D76: 8.75 | E76: 123 | F76: 341
A77: BEB-1003 | B77: Refresco Cola 0.6L | C77: Bebidas Pesadas | D77: 20.5 | E77: 64 | F77: 359
A78: BOT-1003 | B78: Totopos 150G | C78: Botanas Alto Volumen | D78: 5.92 | E78: 57 | F78: 92
A79: LAC-1012 | B79: Yogurt Bebible 250Ml | C79: Lacteos Perecederos | D79: 9.87 | E79: 88 | F79: 25
A80: PRO-1012 | B80: Edicion Especial Pack 24 | C80: Estacional Promo | D80: 6.87 | E80: 101 | F80: 62
A81: BEB-1013 | B81: Agua Natural 0.5L | C81: Bebidas Pesadas | D81: 17.28 | E81: 97 | F81: 271
A82: PRO-1005 | B82: Edicion Limitada 6Pz | C82: Estacional Promo | D82: 11.02 | E82: 69 | F82: 86
A83: BEB-1007 | B83: Agua Mineral 0.5L | C83: Bebidas Pesadas | D83: 13.67 | E83: 78 | F83: 247
... A85: LAC-1016 | B85: Yogurt Griego 1000G | C85: Lacteos Perecederos | D85: 10.9 | E85: 131 | F85: 22
A86: BEB-1016 | B86: Refresco Cola 2.5L | C86: Bebidas Pesadas | E86: 98 | F86: 359
A87: ABA-1019 | B87: Cereal 500G | C87: Abarrotes Secos | D87: 14.82 | E87: 132 | F87: 373
A88: BOT-1004 | B88: Botana Mixta 100G | C88: Botanas Alto Volumen | D88: 4.43 | E88: 63 | F88: 115
A89: PRO-1001 | B89: Edicion Limitada 6Pz | C89: Estacional Promo | D89: 9.57 | E89: 92 | F89: 122
A90: BOT-1018 | B90: Cacahuates 210G | C90: Botanas Alto Volumen | D90: 6.23 | E90: 78 | F90: 99
A91: BOT-1012 | B91: Frituras Maiz 50G | C91: Botanas Alto Volumen | D91: 4.26 | E91: 68 | F91: 117
A92: ABA-1007 | B92: Harina 1Kg | C92: Abarrotes Secos | D92: 9.79 | E92: 123 | F92: 334
A93: BOT-1000 | B93: Cacahuates 210G | C93: Botanas Alto Volumen | D93: 3.56 | E93: 64 | F93: 92
A94: ABA-1011 | B94: Harina 1Kg | C94: Abarrotes Secos | D94: 9.95 | E94: 106 | F94: 376
A95: BEB-1020 | B95: Agua Mineral 2L | C95: Bebidas Pesadas | D95: 16.66 | E95: 85 | F95: 333
A96: BEB-1009 | B96: Refresco Cola 0.6L | C96: Bebidas Pesadas | D96: 18.17 | E96: 61 | F96: 188
A97: BOT-1006 | B97: Chicharron 120G | C97: Botanas Alto Volumen | D97: 4.24 | E97: 41 | F97: 111
A98: PRO-1011 | B98: Edicion Limitada 6Pz | C98: Estacional Promo | D98: 4.36 | E98: 88 | F98: 108
... A101: PRO-1015 | B101: Pack Promocional 12Pz | C101: Estacional Promo | D101: 6.16 | E101: 104 | F101: 67

Sheet DRP_Engine
A1: DC | B1: Item_Code | C1: Current_Inventory | D1: Avg_Daily_Demand | E1: Demand_StdDev | F1: Lead_Time_Days | G1: Lead_Time_StdDev | H1: Safety_Stock | I1: Reorder_Point | J1: In_Transit_Qty | K1: Days_Cover | L1: Status
A2: CD-TOL | B2: PRO-1014 | C2: 2862 | D2: 395 | E2: 268.5 | F2: 2 | G2: 0.5 | H2: =IFERROR(1.65*SQRT(F2*E2^2 + D2^2*G2^2), "") -> 706.21301 | I2: =IFERROR(D2*F2 + H2, "") -> 1496.213 | J2: =SUMIFS(Transit_Clean[Quantity], Transit_Clean[Destination], A2, Transit_Clean[Item_Code], B2, Transit_Clean[SAP_Status], "In Transit") -> 0 | K2: =IFERROR(C2/D2, "") -> 7.2455696 | L2: {=_xlfn.IFS(C2<0,"DATO INVALIDO", C2+J2<I2,"PEDIR YA", C2<I2,"EN CAMINO OK", TRUE,"SANO")} -> SANO
A3: CD-CDMX | B3: BOT-1006 | C3: 3657 | D3: 408.6 | E3: 117.3 | F3: 0.7 | G3: 0.2 | H3: =IFERROR(1.65*SQRT(F3*E3^2 + D3^2*G3^2), "") -> 210.72032 | I3: =IFERROR(D3*F3 + H3, "") -> 496.74032 | J3: =SUMIFS(Transit_Clean[Quantity], Transit_Clean[Destination], A3, Transit_Clean[Item_Code], B3, Transit_Clean[SAP_Status], "In Transit") -> 0 | K3: =IFERROR(C3/D3, "") -> 8.9500734 | L3: {=_xlfn.IFS(C3<0,"DATO INVALIDO", C3+J3<I3,"PEDIR YA", C3<I3,"EN CAMINO OK", TRUE,"SANO")} -> SANO
A4: CD-VER | B4: BEB-1011 | C4: 4182 | E4: 63.7 | F4: 5 | G4: 0.9 | H4: =IFERROR(1.65*SQRT(F4*E4^2 + D4^2*G4^2), "") -> 235.02192 | I4: =IFERROR(D4*F4 + H4, "") -> 235.02192 | J4: =SUMIFS(Transit_Clean[Quantity], Transit_Clean[Destination], A4, Transit_Clean[Item_Code], B4, Transit_Clean[SAP_Status], "In Transit") -> 0 | K4: =IFERROR(C4/D4, "") | L4: {=_xlfn.IFS(C4<0,"DATO INVALIDO", C4+J4<I4,"PEDIR YA", C4<I4,"EN CAMINO OK", TRUE,"SANO")} -> SANO
A5: CD-TOL | B5: ABA-1007 | C5: 8913 | D5: 553.8 | E5: 67.5 | F5: 1.7 | G5: 0.5 | H5: =IFERROR(1.65*SQRT(F5*E5^2 + D5^2*G5^2), "") -> 479.40731 | I5: =IFERROR(D5*F5 + H5, "") -> 1420.8673 | J5: =SUMIFS(Transit_Clean[Quantity], Transit_Clean[Destination], A5, Transit_Clean[Item_Code], B5, Transit_Clean[SAP_Status], "In Transit") -> 0 | K5: =IFERROR(C5/D5, "") -> 16.094258 | L5: {=_xlfn.IFS(C5<0,"DATO INVALIDO", C5+J5<I5,"PEDIR YA", C5<I5,"EN CAMINO OK", TRUE,"SANO")} -> SANO
A6: CD-CDMX | B6: BEB-1000 | C6: 6474 | D6: 366.7 | E6: 43.8 | F6: 0.7 | G6: 0.2 | H6: =IFERROR(1.65*SQRT(F6*E6^2 + D6^2*G6^2), "") -> 135.27649 | I6: =IFERROR(D6*F6 + H6, "") -> 391.96649 | J6: =SUMIFS(Transit_Clean[Quantity], Transit_Clean[Destination], A6, Transit_Clean[Item_Code], B6, Transit_Clean[SAP_Status], "In Transit") -> 1239 | K6: =IFERROR(C6/D6, "") -> 17.654759 | L6: {=_xlfn.IFS(C6<0,"DATO INVALIDO", C6+J6<I6,"PEDIR YA", C6<I6,"EN CAMINO OK", TRUE,"SANO")} -> SANO
A7: CD-CDMX | B7: BOT-1013 | C7: 7599 | D7: 454.2 | E7: 93.4 | F7: 1.1 | G7: 0.2 | H7: =IFERROR(1.65*SQRT(F7*E7^2 + D7^2*G7^2), "") -> 220.43297 | I7: =IFERROR(D7*F7 + H7, "") -> 720.05297 | J7: =SUMIFS(Transit_Clean[Quantity], Transit_Clean[Destination], A7, Transit_Clean[Item_Code], B7, Transit_Clean[SAP_Status], "In Transit") -> 684 | K7: =IFERROR(C7/D7, "") -> 16.730515 | L7: {=_xlfn.IFS(C7<0,"DATO INVALIDO", C7+J7<I7,"PEDIR YA", C7<I7,"EN CAMINO OK", TRUE,"SANO")} -> SANO
A8: CD-VER | B8: BOT-1010 | C8: 6848 | D8: 784.3 | E8: 122.2 | F8: 3.1 | G8: 0.9 | H8: =IFERROR(1.65*SQRT(F8*E8^2 + D8^2*G8^2), "") -> 1217.5885 | I8: =IFERROR(D8*F8 + H8, "") -> 3648.9185 | J8: =SUMIFS(Transit_Clean[Quantity], Transit_Clean[Destination], A8, Transit_Clean[Item_Code], B8, Transit_Clean[SAP_Status], "In Transit") -> 1211 | K8: =IFERROR(C8/D8, "") -> 8.7313528 | L8: {=_xlfn.IFS(C8<0,"DATO INVALIDO", C8+J8<I8,"PEDIR YA", C8<I8,"EN CAMINO OK", TRUE,"SANO")} -> SANO
A9: CD-CHI | B9: LAC-1006 | C9: 1444 | D9: 209.7 | E9: 56.1 | F9: 3.1 | G9: 1 | H9: =IFERROR(1.65*SQRT(F9*E9^2 + D9^2*G9^2), "") -> 382.46716 | I9: =IFERROR(D9*F9 + H9, "") -> 1032.5372 | J9: =SUMIFS(Transit_Clean[Quantity], Transit_Clean[Destination], A9, Transit_Clean[Item_Code], B9, Transit_Clean[SAP_Status], "In Transit") -> 2495 | K9: =IFERROR(C9/D9, "") -> 6.8860277 | L9: {=_xlfn.IFS(C9<0,"DATO INVALIDO", C9+J9<I9,"PEDIR YA", C9<I9,"EN CAMINO OK", TRUE,"SANO")} -> SANO
A10: CD-VER | B10: BOT-1012 | C10: 16574 | D10: 948.9 | E10: 207.4 | F10: 0.9 | G10: 0.9 | H10: =IFERROR(1.65*SQRT(F10*E10^2 + D10^2*G10^2), "") -> 1446.0312 | I10: =IFERROR(D10*F10 + H10, "") -> 2300.0412 | J10: =SUMIFS(Transit_Clean[Quantity], Transit_Clean[Destination], A10, Transit_Clean[Item_Code], B10, Transit_Clean[SAP_Status], "In Transit") -> 1798 | K10: =IFERROR(C10/D10, "") -> 17.46654 | L10: {=_xlfn.IFS(C10<0,"DATO INVALIDO", C10+J10<I10,"PEDIR YA", C10<I10,"EN CAMINO OK", TRUE,"SANO")} -> SANO
A11: CD-PUE | B11: ABA-1007 | C11: 1422 | D11: 289.9 | E11: 31.2 | F11: 0.5 | G11: 0.3 | H11: =IFERROR(1.65*SQRT(F11*E11^2 + D11^2*G11^2), "") -> 148.04556 | I11: =IFERROR(D11*F11 + H11, "") -> 292.99556 | J11: =SUMIFS(Transit_Clean[Quantity], Transit_Clean[Destination], A11, Transit_Clean[Item_Code], B11, Transit_Clean[SAP_Status], "In Transit") -> 2569 | K11: =IFERROR(C11/D11, "") -> 4.9051397 | L11: {=_xlfn.IFS(C11<0,"DATO INVALIDO", C11+J11<I11,"PEDIR YA", C11<I11,"EN CAMINO OK", TRUE,"SANO")} -> SANO
A12: CD-CHI | B12: PRO-1001 | C12: 8663 | D12: 495.2 | E12: 204.3 | F12: 2.1 | G12: 1 | H12: =IFERROR(1.65*SQRT(F12*E12^2 + D12^2*G12^2), "") -> 951.97117 | I12: =IFERROR(D12*F12 + H12, "") -> 1991.8912 | J12: =SUMIFS(Transit_Clean[Quantity], Transit_Clean[Destination], A12, Transit_Clean[Item_Code], B12, Transit_Clean[SAP_Status], "In Transit") -> 0 | K12: =IFERROR(C12/D12, "") -> 17.493942 | L12: {=_xlfn.IFS(C12<0,"DATO INVALIDO", C12+J12<I12,"PEDIR YA", C12<I12,"EN CAMINO OK", TRUE,"SANO")} -> SANO
A13: CD-TIJ | B13: BOT-1016 | C13: 580 | D13: 800.5 | E13: 236.1 | F13: 3.4 | G13: 1.5 | H13: =IFERROR(1.65*SQRT(F13*E13^2 + D13^2*G13^2), "") -> 2107.4366 | I13: =IFERROR(D13*F13 + H13, "") -> 4829.1366 | J13: =SUMIFS(Transit_Clean[Quantity], Transit_Clean[Destination], A13, Transit_Clean[Item_Code], B13, Transit_Clean[SAP_Status], "In Transit") -> 0 | K13: =IFERROR(C13/D13, "") -> 0.72454716 | L13: {=_xlfn.IFS(C13<0,"DATO INVALIDO", C13+J13<I13,"PEDIR YA", C13<I13,"EN CAMINO OK", TRUE,"SANO")} -> PEDIR YA
A14: CD-PUE | B14: BOT-1001 | C14: 4706 | D14: 1097.7 | E14: 258.7 | F14: 0.9 | G14: 0.3 | H14: =IFERROR(1.65*SQRT(F14*E14^2 + D14^2*G14^2), "") -> 677.66245 | I14: =IFERROR(D14*F14 + H14, "") -> 1665.5924 | J14: =SUMIFS(Transit_Clean[Quantity], Transit_Clean[Destination], A14, Transit_Clean[Item_Code], B14, Transit_Clean[SAP_Status], "In Transit") -> 2599 | K14: =IFERROR(C14/D14, "") -> 4.2871459 | L14: {=_xlfn.IFS(C14<0,"DATO INVALIDO", C14+J14<I14,"PEDIR YA", C14<I14,"EN CAMINO OK", TRUE,"SANO")} -> SANO
A15: CD-PUE | B15: BOT-1010 | C15: 1583 | D15: 833.9 | E15: 188.9 | F15: 0.8 | G15: 0.3 | H15: =IFERROR(1.65*SQRT(F15*E15^2 + D15^2*G15^2), "") -> 498.10217 | I15: =IFERROR(D15*F15 + H15, "") -> 1165.2222 | J15: =SUMIFS(Transit_Clean[Quantity], Transit_Clean[Destination], A15, Transit_Clean[Item_Code], B15, Transit_Clean[SAP_Status], "In Transit") -> 0 | K15: =IFERROR(C15/D15, "") -> 1.8983091 | L15: {=_xlfn.IFS(C15<0,"DATO INVALIDO", C15+J15<I15,"PEDIR YA", C15<I15,"EN CAMINO OK", TRUE,"SANO")} -> SANO
A16: CD-QRO | B16: BEB-1015 | C16: 1077 | D16: 325.9 | E16: 33 | F16: 1.2 | G16: 0.4 | H16: =IFERROR(1.65*SQRT(F16*E16^2 + D16^2*G16^2), "") -> 223.21109 | I16: =IFERROR(D16*F16 + H16, "") -> 614.29109 | J16: =SUMIFS(Transit_Clean[Quantity], Transit_Clean[Destination], A16, Transit_Clean[Item_Code], B16, Transit_Clean[SAP_Status], "In Transit") -> 2207 | K16: =IFERROR(C16/D16, "") -> 3.3046947 | L16: {=_xlfn.IFS(C16<0,"DATO INVALIDO", C16+J16<I16,"PEDIR YA", C16<I16,"EN CAMINO OK", TRUE,"SANO")} -> SANO
... A37: CD-QRO | B37: ABA-1004 | C37: 1575 | D37: 188.3 | E37: 17.7 | F37: 1.8 | G37: 0.4 | H37: =IFERROR(1.65*SQRT(F37*E37^2 + D37^2*G37^2), "") -> 130.30848 | I37: =IFERROR(D37*F37 + H37, "") -> 469.24848 | J37: =SUMIFS(Transit_Clean[Quantity], Transit_Clean[Destination], A37, Transit_Clean[Item_Code], B37, Transit_Clean[SAP_Status], "In Transit") -> 1559 | K37: =IFERROR(C37/D37, "") -> 8.3643123 | L37: {=_xlfn.IFS(C37<0,"DATO INVALIDO", C37+J37<I37,"PEDIR YA", C37<I37,"EN CAMINO OK", TRUE,"SANO")} -> SANO
A38: CD-SAL | B38: LAC-1000 | D38: 334.9 | E38: 99.2 | F38: 1.7 | G38: 0.5 | H38: =IFERROR(1.65*SQRT(F38*E38^2 + D38^2*G38^2), "") -> 349.11672 | I38: =IFERROR(D38*F38 + H38, "") -> 918.44672 | J38: =SUMIFS(Transit_Clean[Quantity], Transit_Clean[Destination], A38, Transit_Clean[Item_Code], B38, Transit_Clean[SAP_Status], "In Transit") -> 0 | K38: =IFERROR(C38/D38, "") -> 0 | L38: {=_xlfn.IFS(C38<0,"DATO INVALIDO", C38+J38<I38,"PEDIR YA", C38<I38,"EN CAMINO OK", TRUE,"SANO")} -> PEDIR YA
A39: CD-MTY | B39: BOT-1003 | C39: 9638 | D39: 541.9 | E39: 88.2 | F39: 1.1 | G39: 0.3 | H39: =IFERROR(1.65*SQRT(F39*E39^2 + D39^2*G39^2), "") -> 308.62574 | I39: =IFERROR(D39*F39 + H39, "") -> 904.71574 | J39: =SUMIFS(Transit_Clean[Quantity], Transit_Clean[Destination], A39, Transit_Clean[Item_Code], B39, Transit_Clean[SAP_Status], "In Transit") -> 0 | K39: =IFERROR(C39/D39, "") -> 17.785569 | L39: {=_xlfn.IFS(C39<0,"DATO INVALIDO", C39+J39<I39,"PEDIR YA", C39<I39,"EN CAMINO OK", TRUE,"SANO")} -> SANO
A40: CD-CHI | B40: LAC-1010 | C40: 4103 | D40: 485.8 | E40: 198.2 | F40: 2.5 | G40: 1 | H40: =IFERROR(1.65*SQRT(F40*E40^2 + D40^2*G40^2), "") -> 953.87946 | I40: =IFERROR(D40*F40 + H40, "") -> 2168.3795 | J40: =SUMIFS(Transit_Clean[Quantity], Transit_Clean[Destination], A40, Transit_Clean[Item_Code], B40, Transit_Clean[SAP_Status], "In Transit") -> 1192 | K40: =IFERROR(C40/D40, "") -> 8.4458625 | L40: {=_xlfn.IFS(C40<0,"DATO INVALIDO", C40+J40<I40,"PEDIR YA", C40<I40,"EN CAMINO OK", TRUE,"SANO")} -> SANO
A41: CD-MOR | B41: BEB-1002 | C41: 2497 | D41: 162.4 | E41: 19.3 | F41: 1.7 | G41: 0.5 | H41: =IFERROR(1.65*SQRT(F41*E41^2 + D41^2*G41^2), "") -> 140.26624 | I41: =IFERROR(D41*F41 + H41, "") -> 416.34624 | J41: =SUMIFS(Transit_Clean[Quantity], Transit_Clean[Destination], A41, Transit_Clean[Item_Code], B41, Transit_Clean[SAP_Status], "In Transit") -> 0 | K41: =IFERROR(C41/D41, "") -> 15.375616 | L41: {=_xlfn.IFS(C41<0,"DATO INVALIDO", C41+J41<I41,"PEDIR YA", C41<I41,"EN CAMINO OK", TRUE,"SANO")} -> SANO
A42: CD-CDMX | B42: LAC-1008 | C42: 2440 | D42: 275.4 | E42: 102.8 | F42: 0.6 | G42: 0.2 | H42: =IFERROR(1.65*SQRT(F42*E42^2 + D42^2*G42^2), "") -> 159.75639 | I42: =IFERROR(D42*F42 + H42, "") -> 324.99639 | J42: =SUMIFS(Transit_Clean[Quantity], Transit_Clean[Destination], A42, Transit_Clean[Item_Code], B42, Transit_Clean[SAP_Status], "In Transit") -> 2199 | K42: =IFERROR(C42/D42, "") -> 8.8598402 | L42: {=_xlfn.IFS(C42<0,"DATO INVALIDO", C42+J42<I42,"PEDIR YA", C42<I42,"EN CAMINO OK", TRUE,"SANO")} -> SANO
A43: CD-QRO | B43: BOT-1014 | C43: 1048 | D43: 360.1 | E43: 85.6 | F43: 1.7 | G43: 0.4 | H43: =IFERROR(1.65*SQRT(F43*E43^2 + D43^2*G43^2), "") -> 300.66257 | I43: =IFERROR(D43*F43 + H43, "") -> 912.83257 | J43: =SUMIFS(Transit_Clean[Quantity], Transit_Clean[Destination], A43, Transit_Clean[Item_Code], B43, Transit_Clean[SAP_Status], "In Transit") -> 0 | K43: =IFERROR(C43/D43, "") -> 2.9103027 | L43: {=_xlfn.IFS(C43<0,"DATO INVALIDO", C43+J43<I43,"PEDIR YA", C43<I43,"EN CAMINO OK", TRUE,"SANO")} -> SANO
A44: CD-GDL | B44: PRO-1000 | C44: 3885 | D44: 394.7 | E44: 258.3 | F44: 0.5 | G44: 0.2 | H44: =IFERROR(1.65*SQRT(F44*E44^2 + D44^2*G44^2), "") -> 328.30841 | I44: =IFERROR(D44*F44 + H44, "") -> 525.65841 | J44: =SUMIFS(Transit_Clean[Quantity], Transit_Clean[Destination], A44, Transit_Clean[Item_Code], B44, Transit_Clean[SAP_Status], "In Transit") -> 0 | K44: =IFERROR(C44/D44, "") -> 9.8429187 | L44: {=_xlfn.IFS(C44<0,"DATO INVALIDO", C44+J44<I44,"PEDIR YA", C44<I44,"EN CAMINO OK", TRUE,"SANO")} -> SANO
A45: CD-QRO | B45: LAC-1008 | C45: 2600 | D45: 152.7 | E45: 51.4 | F45: 1.7 | G45: 0.4 | H45: =IFERROR(1.65*SQRT(F45*E45^2 + D45^2*G45^2), "") -> 149.61505 | I45: =IFERROR(D45*F45 + H45, "") -> 409.20505 | J45: =SUMIFS(Transit_Clean[Quantity], Transit_Clean[Destination], A45, Transit_Clean[Item_Code], B45, Transit_Clean[SAP_Status], "In Transit") -> 0 | K45: =IFERROR(C45/D45, "") -> 17.02685 | L45: {=_xlfn.IFS(C45<0,"DATO INVALIDO", C45+J45<I45,"PEDIR YA", C45<I45,"EN CAMINO OK", TRUE,"SANO")} -> SANO
A46: CD-CHI | B46: BOT-1010 | C46: 5685 | D46: 352.1 | E46: 103.1 | F46: 4.2 | G46: 1 | H46: =IFERROR(1.65*SQRT(F46*E46^2 + D46^2*G46^2), "") -> 677.54307 | I46: =IFERROR(D46*F46 + H46, "") -> 2156.3631 | J46: =SUMIFS(Transit_Clean[Quantity], Transit_Clean[Destination], A46, Transit_Clean[Item_Code], B46, Transit_Clean[SAP_Status], "In Transit") -> 602 | K46: =IFERROR(C46/D46, "") -> 16.145981 | L46: {=_xlfn.IFS(C46<0,"DATO INVALIDO", C46+J46<I46,"PEDIR YA", C46<I46,"EN CAMINO OK", TRUE,"SANO")} -> SANO
A47: CD-MER | B47: BOT-1016 | C47: 2068 | D47: 378.2 | E47: 89.2 | F47: 1.8 | G47: 1.3 | H47: =IFERROR(1.65*SQRT(F47*E47^2 + D47^2*G47^2), "") -> 834.92528 | I47: =IFERROR(D47*F47 + H47, "") -> 1515.6853 | J47: =SUMIFS(Transit_Clean[Quantity], Transit_Clean[Destination], A47, Transit_Clean[Item_Code], B47, Transit_Clean[SAP_Status], "In Transit") -> 0 | K47: =IFERROR(C47/D47, "") -> 5.4680063 | L47: {=_xlfn.IFS(C47<0,"DATO INVALIDO", C47+J47<I47,"PEDIR YA", C47<I47,"EN CAMINO OK", TRUE,"SANO")} -> SANO
A48: CD-SAL | B48: BOT-1009 | C48: 10536 | D48: 627 | E48: 160.4 | F48: 2 | G48: 0.5 | H48: =IFERROR(1.65*SQRT(F48*E48^2 + D48^2*G48^2), "") -> 638.48513 | I48: =IFERROR(D48*F48 + H48, "") -> 1892.4851 | J48: =SUMIFS(Transit_Clean[Quantity], Transit_Clean[Destination], A48, Transit_Clean[Item_Code], B48, Transit_Clean[SAP_Status], "In Transit") -> 0 | K48: =IFERROR(C48/D48, "") -> 16.803828 | L48: {=_xlfn.IFS(C48<0,"DATO INVALIDO", C48+J48<I48,"PEDIR YA", C48<I48,"EN CAMINO OK", TRUE,"SANO")} -> SANO
A49: CD-CAN | B49: ABA-1006 | C49: 6643 | D49: 463.7 | E49: 43.5 | F49: 7.7 | G49: 1.6 | H49: =IFERROR(1.65*SQRT(F49*E49^2 + D49^2*G49^2), "") -> 1240.2641 | I49: =IFERROR(D49*F49 + H49, "") -> 4810.7541 | J49: =SUMIFS(Transit_Clean[Quantity], Transit_Clean[Destination], A49, Transit_Clean[Item_Code], B49, Transit_Clean[SAP_Status], "In Transit") -> 0 | K49: =IFERROR(C49/D49, "") -> 14.326073 | L49: {=_xlfn.IFS(C49<0,"DATO INVALIDO", C49+J49<I49,"PEDIR YA", C49<I49,"EN CAMINO OK", TRUE,"SANO")} -> SANO
A50: CD-MTY | B50: LAC-1000 | C50: 3134 | D50: 370.7 | E50: 133.6 | F50: 1.3 | G50: 0.3 | H50: =IFERROR(1.65*SQRT(F50*E50^2 + D50^2*G50^2), "") -> 311.19591 | I50: =IFERROR(D50*F50 + H50, "") -> 793.10591 | J50: =SUMIFS(Transit_Clean[Quantity], Transit_Clean[Destination], A50, Transit_Clean[Item_Code], B50, Transit_Clean[SAP_Status], "In Transit") -> 0 | K50: =IFERROR(C50/D50, "") -> 8.4542757 | L50: {=_xlfn.IFS(C50<0,"DATO INVALIDO", C50+J50<I50,"PEDIR YA", C50<I50,"EN CAMINO OK", TRUE,"SANO")} -> SANO
... A56: CD-QRO | B56: LAC-1010 | C56: 5387 | D56: 315.9 | E56: 131.3 | F56: 1.7 | G56: 0.4 | H56: =IFERROR(1.65*SQRT(F56*E56^2 + D56^2*G56^2), "") -> 351.0831 | I56: =IFERROR(D56*F56 + H56, "") -> 888.1131 | J56: =SUMIFS(Transit_Clean[Quantity], Transit_Clean[Destination], A56, Transit_Clean[Item_Code], B56, Transit_Clean[SAP_Status], "In Transit") -> 11785 | K56: =IFERROR(C56/D56, "") -> 17.052865 | L56: {=_xlfn.IFS(C56<0,"DATO INVALIDO", C56+J56<I56,"PEDIR YA", C56<I56,"EN CAMINO OK", TRUE,"SANO")} -> SANO
A57: CD-GDL | B57: BEB-1021 | D57: 414.7 | E57: 49.3 | F57: 1.1 | G57: 0.2 | H57: =IFERROR(1.65*SQRT(F57*E57^2 + D57^2*G57^2), "") -> 161.26657 | I57: =IFERROR(D57*F57 + H57, "") -> 617.43657 | J57: =SUMIFS(Transit_Clean[Quantity], Transit_Clean[Destination], A57, Transit_Clean[Item_Code], B57, Transit_Clean[SAP_Status], "In Transit") -> 0 | K57: =IFERROR(C57/D57, "") -> 0 | L57: {=_xlfn.IFS(C57<0,"DATO INVALIDO", C57+J57<I57,"PEDIR YA", C57<I57,"EN CAMINO OK", TRUE,"SANO")} -> PEDIR YA
A58: CD-MER | B58: BEB-1020 | C58: 3654 | D58: 468.4 | E58: 83.8 | F58: 1.5 | G58: 1.3 | H58: =IFERROR(1.65*SQRT(F58*E58^2 + D58^2*G58^2), "") -> 1018.8897 | I58: =IFERROR(D58*F58 + H58, "") -> 1721.4897 | J58: =SUMIFS(Transit_Clean[Quantity], Transit_Clean[Destination], A58, Transit_Clean[Item_Code], B58, Transit_Clean[SAP_Status], "In Transit") -> 1917 | K58: =IFERROR(C58/D58, "") -> 7.8010248 | L58: {=_xlfn.IFS(C58<0,"DATO INVALIDO", C58+J58<I58,"PEDIR YA", C58<I58,"EN CAMINO OK", TRUE,"SANO")} -> SANO
A59: CD-MER | B59: PRO-1000 | C59: 2172 | D59: 170.9 | E59: 106.9 | F59: 5.1 | G59: 1.3 | H59: =IFERROR(1.65*SQRT(F59*E59^2 + D59^2*G59^2), "") -> 541.34164 | I59: =IFERROR(D59*F59 + H59, "") -> 1412.9316 | J59: =SUMIFS(Transit_Clean[Quantity], Transit_Clean[Destination], A59, Transit_Clean[Item_Code], B59, Transit_Clean[SAP_Status], "In Transit") -> 1778 | K59: =IFERROR(C59/D59, "") -> 12.709187 | L59: {=_xlfn.IFS(C59<0,"DATO INVALIDO", C59+J59<I59,"PEDIR YA", C59<I59,"EN CAMINO OK", TRUE,"SANO")} -> SANO
A60: CD-HER | B60: BEB-1009 | C60: 2699 | D60: 196 | E60: 31.3 | F60: 2.9 | G60: 1.2 | H60: =IFERROR(1.65*SQRT(F60*E60^2 + D60^2*G60^2), "") -> 397.92083 | I60: =IFERROR(D60*F60 + H60, "") -> 966.32083 | J60: =SUMIFS(Transit_Clean[Quantity], Transit_Clean[Destination], A60, Transit_Clean[Item_Code], B60, Transit_Clean[SAP_Status], "In Transit") -> 2176 | K60: =IFERROR(C60/D60, "") -> 13.770408 | L60: {=_xlfn.IFS(C60<0,"DATO INVALIDO", C60+J60<I60,"PEDIR YA", C60<I60,"EN CAMINO OK", TRUE,"SANO")} -> SANO
A61: CD-CDMX | B61: ABA-1001 | C61: 1154 | D61: 362.4 | E61: 45.4 | F61: 1.2 | G61: 0.2 | H61: =IFERROR(1.65*SQRT(F61*E61^2 + D61^2*G61^2), "") -> 145.03812 | I61: =IFERROR(D61*F61 + H61, "") -> 579.91812 | J61: =SUMIFS(Transit_Clean[Quantity], Transit_Clean[Destination], A61, Transit_Clean[Item_Code], B61, Transit_Clean[SAP_Status], "In Transit") -> 664 | K61: =IFERROR(C61/D61, "") -> 3.1843267 | L61: {=_xlfn.IFS(C61<0,"DATO INVALIDO", C61+J61<I61,"PEDIR YA", C61<I61,"EN CAMINO OK", TRUE,"SANO")} -> SANO
A62: CD-QRO | B62: BEB-1017 | D62: 349.7 | E62: 68.7 | F62: 1.1 | G62: 0.4 | H62: =IFERROR(1.65*SQRT(F62*E62^2 + D62^2*G62^2), "") -> 259.62252 | I62: =IFERROR(D62*F62 + H62, "") -> 644.29252 | J62: =SUMIFS(Transit_Clean[Quantity], Transit_Clean[Destination], A62, Transit_Clean[Item_Code], B62, Transit_Clean[SAP_Status], "In Transit") -> 858 | K62: =IFERROR(C62/D62, "") -> 0 | L62: {=_xlfn.IFS(C62<0,"DATO INVALIDO", C62+J62<I62,"PEDIR YA", C62<I62,"EN CAMINO OK", TRUE,"SANO")} -> EN CAMINO OK
A63: CD-TIJ | B63: ABA-1007 | D63: 336.6 | E63: 38.2 | F63: 5.9 | G63: 1.5 | H63: =IFERROR(1.65*SQRT(F63*E63^2 + D63^2*G63^2), "") -> 847.03602 | I63: =IFERROR(D63*F63 + H63, "") -> 2832.976 | J63: =SUMIFS(Transit_Clean[Quantity], Transit_Clean[Destination], A63, Transit_Clean[Item_Code], B63, Transit_Clean[SAP_Status], "In Transit") -> 0 | K63: =IFERROR(C63/D63, "") -> 0 | L63: {=_xlfn.IFS(C63<0,"DATO INVALIDO", C63+J63<I63,"PEDIR YA", C63<I63,"EN CAMINO OK", TRUE,"SANO")} -> PEDIR YA
A64: CD-MER | B64: LAC-1001 | C64: 2390 | D64: 265.8 | E64: 95 | F64: 6.3 | G64: 1.3 | H64: =IFERROR(1.65*SQRT(F64*E64^2 + D64^2*G64^2), "") -> 692.71589 | I64: =IFERROR(D64*F64 + H64, "") -> 2367.2559 | J64: =SUMIFS(Transit_Clean[Quantity], Transit_Clean[Destination], A64, Transit_Clean[Item_Code], B64, Transit_Clean[SAP_Status], "In Transit") -> 1006 | K64: =IFERROR(C64/D64, "") -> 8.9917231 | L64: {=_xlfn.IFS(C64<0,"DATO INVALIDO", C64+J64<I64,"PEDIR YA", C64<I64,"EN CAMINO OK", TRUE,"SANO")} -> SANO
A65: CD-CAN | B65: LAC-1010 | C65: 1363 | D65: 363.8 | E65: 116.7 | F65: 2.9 | G65: 1.6 | H65: =IFERROR(1.65*SQRT(F65*E65^2 + D65^2*G65^2), "") -> 1014.8666 | I65: =IFERROR(D65*F65 + H65, "") -> 2069.8866 | J65: =SUMIFS(Transit_Clean[Quantity], Transit_Clean[Destination], A65, Transit_Clean[Item_Code], B65, Transit_Clean[SAP_Status], "In Transit") -> 3509 | K65: =IFERROR(C65/D65, "") -> 3.746564 | L65: {=_xlfn.IFS(C65<0,"DATO INVALIDO", C65+J65<I65,"PEDIR YA", C65<I65,"EN CAMINO OK", TRUE,"SANO")} -> EN CAMINO OK
A66: CD-LEO | B66: BEB-1009 | C66: 3354 | D66: 379.3 | E66: 69.3 | F66: 1.8 | G66: 0.6 | H66: =IFERROR(1.65*SQRT(F66*E66^2 + D66^2*G66^2), "") -> 405.63544 | I66: =IFERROR(D66*F66 + H66, "") -> 1088.3754 | J66: =SUMIFS(Transit_Clean[Quantity], Transit_Clean[Destination], A66, Transit_Clean[Item_Code], B66, Transit_Clean[SAP_Status], "In Transit") -> 0 | K66: =IFERROR(C66/D66, "") -> 8.8426048 | L66: {=_xlfn.IFS(C66<0,"DATO INVALIDO", C66+J66<I66,"PEDIR YA", C66<I66,"EN CAMINO OK", TRUE,"SANO")} -> SANO
A67: CD-HER | B67: BEB-1015 | C67: 448 | D67: 324.3 | E67: 47.3 | F67: 3.8 | G67: 1.2 | H67: =IFERROR(1.65*SQRT(F67*E67^2 + D67^2*G67^2), "") -> 659.89111 | I67: =IFERROR(D67*F67 + H67, "") -> 1892.2311 | J67: =SUMIFS(Transit_Clean[Quantity], Transit_Clean[Destination], A67, Transit_Clean[Item_Code], B67, Transit_Clean[SAP_Status], "In Transit") -> 4283 | K67: =IFERROR(C67/D67, "") -> 1.3814369 | L67: {=_xlfn.IFS(C67<0,"DATO INVALIDO", C67+J67<I67,"PEDIR YA", C67<I67,"EN CAMINO OK", TRUE,"SANO")} -> EN CAMINO OK
A68: CD-TOL | B68: PRO-1007 | C68: 1903 | E68: 319.6 | F68: 2 | G68: 0.5 | H68: =IFERROR(1.65*SQRT(F68*E68^2 + D68^2*G68^2), "") -> 745.77138 | I68: =IFERROR(D68*F68 + H68, "") -> 745.77138 | J68: =SUMIFS(Transit_Clean[Quantity], Transit_Clean[Destination], A68, Transit_Clean[Item_Code], B68, Transit_Clean[SAP_Status], "In Transit") -> 0 | K68: =IFERROR(C68/D68, "") | L68: {=_xlfn.IFS(C68<0,"DATO INVALIDO", C68+J68<I68,"PEDIR YA", C68<I68,"EN CAMINO OK", TRUE,"SANO")} -> SANO
A69: CD-MOR | B69: LAC-1014 | C69: 736 | D69: 255.2 | E69: 112.2 | F69: 2.4 | G69: 0.5 | H69: =IFERROR(1.65*SQRT(F69*E69^2 + D69^2*G69^2), "") -> 355.78445 | I69: =IFERROR(D69*F69 + H69, "") -> 968.26445 | J69: =SUMIFS(Transit_Clean[Quantity], Transit_Clean[Destination], A69, Transit_Clean[Item_Code], B69, Transit_Clean[SAP_Status], "In Transit") -> 3262 | K69: =IFERROR(C69/D69, "") -> 2.8840125 | L69: {=_xlfn.IFS(C69<0,"DATO INVALIDO", C69+J69<I69,"PEDIR YA", C69<I69,"EN CAMINO OK", TRUE,"SANO")} -> EN CAMINO OK
A70: CD-HER | B70: ABA-1006 | C70: 343 | D70: 257.9 | E70: 22.5 | F70: 3.7 | G70: 1.2 | H70: =IFERROR(1.65*SQRT(F70*E70^2 + D70^2*G70^2), "") -> 515.61113 | I70: =IFERROR(D70*F70 + H70, "") -> 1469.8411 | J70: =SUMIFS(Transit_Clean[Quantity], Transit_Clean[Destination], A70, Transit_Clean[Item_Code], B70, Transit_Clean[SAP_Status], "In Transit") -> 0 | K70: =IFERROR(C70/D70, "") -> 1.3299729 | L70: {=_xlfn.IFS(C70<0,"DATO INVALIDO", C70+J70<I70,"PEDIR YA", C70<I70,"EN CAMINO OK", TRUE,"SANO")} -> PEDIR YA
A71: CD-QRO | B71: ABA-1011 | C71: 2361 | D71: 551.6 | E71: 80.8 | F71: 2 | G71: 0.4 | H71: =IFERROR(1.65*SQRT(F71*E71^2 + D71^2*G71^2), "") -> 409.98197 | I71: =IFERROR(D71*F71 + H71, "") -> 1513.182 | J71: =SUMIFS(Transit_Clean[Quantity], Transit_Clean[Destination], A71, Transit_Clean[Item_Code], B71, Transit_Clean[SAP_Status], "In Transit") -> 0 | K71: =IFERROR(C71/D71, "") -> 4.2802756 | L71: {=_xlfn.IFS(C71<0,"DATO INVALIDO", C71+J71<I71,"PEDIR YA", C71<I71,"EN CAMINO OK", TRUE,"SANO")} -> SANO
A72: CD-CHI | B72: ABA-1013 | C72: 5718 | D72: 483.7 | E72: 60.3 | F72: 3.9 | G72: 1 | H72: =IFERROR(1.65*SQRT(F72*E72^2 + D72^2*G72^2), "") -> 821.93594 | I72: =IFERROR(D72*F72 + H72, "") -> 2708.3659 | J72: =SUMIFS(Transit_Clean[Quantity], Transit_Clean[Destination], A72, Transit_Clean[Item_Code], B72, Transit_Clean[SAP_Status], "In Transit") -> 589 | K72: =IFERROR(C72/D72, "") -> 11.821377 | L72: {=_xlfn.IFS(C72<0,"DATO INVALIDO", C72+J72<I72,"PEDIR YA", C72<I72,"EN CAMINO OK", TRUE,"SANO")} -> SANO
A73: CD-MOR | B73: BEB-1016 | C73: 2292 | D73: 478.5 | E73: 75.5 | F73: 2.1 | G73: 0.5 | H73: =IFERROR(1.65*SQRT(F73*E73^2 + D73^2*G73^2), "") -> 434.082 | I73: =IFERROR(D73*F73 + H73, "") -> 1438.932 | J73: =SUMIFS(Transit_Clean[Quantity], Transit_Clean[Destination], A73, Transit_Clean[Item_Code], B73, Transit_Clean[SAP_Status], "In Transit") -> 757 | K73: =IFERROR(C73/D73, "") -> 4.7899687 | L73: {=_xlfn.IFS(C73<0,"DATO INVALIDO", C73+J73<I73,"PEDIR YA", C73<I73,"EN CAMINO OK", TRUE,"SANO")} -> SANO
A74: CD-TIJ | B74: BEB-1016 | D74: 565.9 | E74: 57.7 | F74: 7.9 | G74: 1.5 | H74: =IFERROR(1.65*SQRT(F74*E74^2 + D74^2*G74^2), "") -> 1425.9358 | I74: =IFERROR(D74*F74 + H74, "") -> 5896.5458 | J74: =SUMIFS(Transit_Clean[Quantity], Transit_Clean[Destination], A74, Transit_Clean[Item_Code], B74, Transit_Clean[SAP_Status], "In Transit") -> 0 | K74: =IFERROR(C74/D74, "") -> 0 | L74: {=_xlfn.IFS(C74<0,"DATO INVALIDO", C74+J74<I74,"PEDIR YA", C74<I74,"EN CAMINO OK", TRUE,"SANO")} -> PEDIR YA
A75: CD-MOR | B75: PRO-1007 | C75: 2826 | D75: 271.9 | E75: 163.1 | F75: 2.9 | G75: 0.5 | H75: =IFERROR(1.65*SQRT(F75*E75^2 + D75^2*G75^2), "") -> 510.23985 | I75: =IFERROR(D75*F75 + H75, "") -> 1298.7498 | J75: =SUMIFS(Transit_Clean[Quantity], Transit_Clean[Destination], A75, Transit_Clean[Item_Code], B75, Transit_Clean[SAP_Status], "In Transit") -> 0 | K75: =IFERROR(C75/D75, "") -> 10.393527 | L75: {=_xlfn.IFS(C75<0,"DATO INVALIDO", C75+J75<I75,"PEDIR YA", C75<I75,"EN CAMINO OK", TRUE,"SANO")} -> SANO
A76: CD-CHI | B76: BEB-1011 | C76: 4046 | D76: 444.7 | E76: 74.4 | F76: 3.6 | G76: 1 | H76: =IFERROR(1.65*SQRT(F76*E76^2 + D76^2*G76^2), "") -> 769.83665 | I76: =IFERROR(D76*F76 + H76, "") -> 2370.7566 | J76: =SUMIFS(Transit_Clean[Quantity], Transit_Clean[Destination], A76, Transit_Clean[Item_Code], B76, Transit_Clean[SAP_Status], "In Transit") -> 924 | K76: =IFERROR(C76/D76, "") -> 9.0982685 | L76: {=_xlfn.IFS(C76<0,"DATO INVALIDO", C76+J76<I76,"PEDIR YA", C76<I76,"EN CAMINO OK", TRUE,"SANO")} -> SANO
A77: CD-HER | B77: BOT-1010 | C77: 351 | D77: 359.9 | E77: 62.9 | F77: 5.4 | G77: 1.2 | H77: =IFERROR(1.65*SQRT(F77*E77^2 + D77^2*G77^2), "") -> 752.30763 | I77: =IFERROR(D77*F77 + H77, "") -> 2695.7676 | J77: =SUMIFS(Transit_Clean[Quantity], Transit_Clean[Destination], A77, Transit_Clean[Item_Code], B77, Transit_Clean[SAP_Status], "In Transit") -> 790 | K77: =IFERROR(C77/D77, "") -> 0.97527091 | L77: {=_xlfn.IFS(C77<0,"DATO INVALIDO", C77+J77<I77,"PEDIR YA", C77<I77,"EN CAMINO OK", TRUE,"SANO")} -> PEDIR YA
A78: CD-MTY | B78: BOT-1015 | C78: 856 | D78: 566.9 | E78: 162.5 | F78: 1.1 | G78: 0.3 | H78: =IFERROR(1.65*SQRT(F78*E78^2 + D78^2*G78^2), "") -> 397.27217 | I78: =IFERROR(D78*F78 + H78, "") -> 1020.8622 | J78: =SUMIFS(Transit_Clean[Quantity], Transit_Clean[Destination], A78, Transit_Clean[Item_Code], B78, Transit_Clean[SAP_Status], "In Transit") -> 0 | K78: =IFERROR(C78/D78, "") -> 1.5099665 | L78: {=_xlfn.IFS(C78<0,"DATO INVALIDO", C78+J78<I78,"PEDIR YA", C78<I78,"EN CAMINO OK", TRUE,"SANO")} -> PEDIR YA
A79: CD-QRO | B79: PRO-1005 | C79: 1158 | D79: 105.1 | E79: 66.6 | F79: 2.1 | G79: 0.4 | H79: =IFERROR(1.65*SQRT(F79*E79^2 + D79^2*G79^2), "") -> 173.69757 | I79: =IFERROR(D79*F79 + H79, "") -> 394.40757 | J79: =SUMIFS(Transit_Clean[Quantity], Transit_Clean[Destination], A79, Transit_Clean[Item_Code], B79, Transit_Clean[SAP_Status], "In Transit") -> 1209 | K79: =IFERROR(C79/D79, "") -> 11.018078 | L79: {=_xlfn.IFS(C79<0,"DATO INVALIDO", C79+J79<I79,"PEDIR YA", C79<I79,"EN CAMINO OK", TRUE,"SANO")} -> SANO
A80: CD-LEO | B80: PRO-1008 | C80: 1441 | D80: 509.2 | E80: 299.8 | F80: 2.6 | G80: 0.6 | H80: =IFERROR(1.65*SQRT(F80*E80^2 + D80^2*G80^2), "") -> 943.57869 | I80: =IFERROR(D80*F80 + H80, "") -> 2267.4987 | J80: =SUMIFS(Transit_Clean[Quantity], Transit_Clean[Destination], A80, Transit_Clean[Item_Code], B80, Transit_Clean[SAP_Status], "In Transit") -> 1865 | K80: =IFERROR(C80/D80, "") -> 2.8299293 | L80: {=_xlfn.IFS(C80<0,"DATO INVALIDO", C80+J80<I80,"PEDIR YA", C80<I80,"EN CAMINO OK", TRUE,"SANO")} -> EN CAMINO OK
A81: CD-CDMX | B81: ABA-1015 | C81: 999999 | D81: 269.3 | E81: 25.7 | F81: 1.2 | G81: 0.2 | H81: =IFERROR(1.65*SQRT(F81*E81^2 + D81^2*G81^2), "") -> 100.27722 | I81: =IFERROR(D81*F81 + H81, "") -> 423.43722 | J81: =SUMIFS(Transit_Clean[Quantity], Transit_Clean[Destination], A81, Transit_Clean[Item_Code], B81, Transit_Clean[SAP_Status], "In Transit") -> 769 | K81: =IFERROR(C81/D81, "") -> 3713.3271 | L81: {=_xlfn.IFS(C81<0,"DATO INVALIDO", C81+J81<I81,"PEDIR YA", C81<I81,"EN CAMINO OK", TRUE,"SANO")} -> SANO
A82: CD-CHI | B82: ABA-1014 | D82: 203.6 | E82: 18.4 | F82: 3.1 | G82: 1 | H82: =IFERROR(1.65*SQRT(F82*E82^2 + D82^2*G82^2), "") -> 340.1662 | I82: =IFERROR(D82*F82 + H82, "") -> 971.3262 | J82: =SUMIFS(Transit_Clean[Quantity], Transit_Clean[Destination], A82, Transit_Clean[Item_Code], B82, Transit_Clean[SAP_Status], "In Transit") -> 0 | K82: =IFERROR(C82/D82, "") -> 0 | L82: {=_xlfn.IFS(C82<0,"DATO INVALIDO", C82+J82<I82,"PEDIR YA", C82<I82,"EN CAMINO OK", TRUE,"SANO")} -> PEDIR YA
A83: CD-CHI | B83: BOT-1020 | C83: 3824 | D83: 371.1 | E83: 68.3 | F83: 2.4 | G83: 1 | H83: =IFERROR(1.65*SQRT(F83*E83^2 + D83^2*G83^2), "") -> 636.71819 | I83: =IFERROR(D83*F83 + H83, "") -> 1527.3582 | J83: =SUMIFS(Transit_Clean[Quantity], Transit_Clean[Destination], A83, Transit_Clean[Item_Code], B83, Transit_Clean[SAP_Status], "In Transit") -> 0 | K83: =IFERROR(C83/D83, "") -> 10.3045 | L83: {=_xlfn.IFS(C83<0,"DATO INVALIDO", C83+J83<I83,"PEDIR YA", C83<I83,"EN CAMINO OK", TRUE,"SANO")} -> SANO
A84: CD-CAN | B84: LAC-1003 | C84: 1484 | E84: 46.7 | F84: 3.6 | G84: 1.6 | H84: =IFERROR(1.65*SQRT(F84*E84^2 + D84^2*G84^2), "") -> 146.20158 | I84: =IFERROR(D84*F84 + H84, "") -> 146.20158 | J84: =SUMIFS(Transit_Clean[Quantity], Transit_Clean[Destination], A84, Transit_Clean[Item_Code], B84, Transit_Clean[SAP_Status], "In Transit") -> 2320 | K84: =IFERROR(C84/D84, "") | L84: {=_xlfn.IFS(C84<0,"DATO INVALIDO", C84+J84<I84,"PEDIR YA", C84<I84,"EN CAMINO OK", TRUE,"SANO")} -> SANO
A85: CD-QRO | B85: LAC-1005 | C85: 1801 | D85: 156.3 | E85: 56.3 | F85: 1.9 | G85: 0.4 | H85: =IFERROR(1.65*SQRT(F85*E85^2 + D85^2*G85^2), "") -> 164.4311 | I85: =IFERROR(D85*F85 + H85, "") -> 461.4011 | J85: =SUMIFS(Transit_Clean[Quantity], Transit_Clean[Destination], A85, Transit_Clean[Item_Code], B85, Transit_Clean[SAP_Status], "In Transit") -> 2545 | K85: =IFERROR(C85/D85, "") -> 11.522713 | L85: {=_xlfn.IFS(C85<0,"DATO INVALIDO", C85+J85<I85,"PEDIR YA", C85<I85,"EN CAMINO OK", TRUE,"SANO")} -> SANO
A86: CD-QRO | B86: LAC-1009 | C86: 1300 | D86: 396.1 | E86: 164.7 | F86: 2.1 | G86: 0.4 | H86: =IFERROR(1.65*SQRT(F86*E86^2 + D86^2*G86^2), "") -> 472.68403 | I86: =IFERROR(D86*F86 + H86, "") -> 1304.494 | J86: =SUMIFS(Transit_Clean[Quantity], Transit_Clean[Destination], A86, Transit_Clean[Item_Code], B86, Transit_Clean[SAP_Status], "In Transit") -> 0 | K86: =IFERROR(C86/D86, "") -> 3.2819995 | L86: {=_xlfn.IFS(C86<0,"DATO INVALIDO", C86+J86<I86,"PEDIR YA", C86<I86,"EN CAMINO OK", TRUE,"SANO")} -> PEDIR YA
A87: CD-MER | B87: BOT-1006 | C87: 5113 | D87: 360.9 | E87: 81 | F87: 2.4 | G87: 1.3 | H87: =IFERROR(1.65*SQRT(F87*E87^2 + D87^2*G87^2), "") -> 801.34113 | I87: =IFERROR(D87*F87 + H87, "") -> 1667.5011 | J87: =SUMIFS(Transit_Clean[Quantity], Transit_Clean[Destination], A87, Transit_Clean[Item_Code], B87, Transit_Clean[SAP_Status], "In Transit") -> 0 | K87: =IFERROR(C87/D87, "") -> 14.167359 | L87: {=_xlfn.IFS(C87<0,"DATO INVALIDO", C87+J87<I87,"PEDIR YA", C87<I87,"EN CAMINO OK", TRUE,"SANO")} -> SANO
A88: CD-MTY | B88: LAC-1014 | C88: 1441 | D88: 137.1 | E88: 53.8 | F88: 1 | G88: 0.3 | H88: =IFERROR(1.65*SQRT(F88*E88^2 + D88^2*G88^2), "") -> 111.73944 | I88: =IFERROR(D88*F88 + H88, "") -> 248.83944 | J88: =SUMIFS(Transit_Clean[Quantity], Transit_Clean[Destination], A88, Transit_Clean[Item_Code], B88, Transit_Clean[SAP_Status], "In Transit") -> 0 | K88: =IFERROR(C88/D88, "") -> 10.510576 | L88: {=_xlfn.IFS(C88<0,"DATO INVALIDO", C88+J88<I88,"PEDIR YA", C88<I88,"EN CAMINO OK", TRUE,"SANO")} -> SANO
A89: CD-MER | B89: BOT-1019 | C89: 5245 | D89: 390.7 | E89: 63.6 | F89: 5.7 | G89: 1.3 | H89: =IFERROR(1.65*SQRT(F89*E89^2 + D89^2*G89^2), "") -> 874.70053 | I89: =IFERROR(D89*F89 + H89, "") -> 3101.6905 | J89: =SUMIFS(Transit_Clean[Quantity], Transit_Clean[Destination], A89, Transit_Clean[Item_Code], B89, Transit_Clean[SAP_Status], "In Transit") -> 2260 | K89: =IFERROR(C89/D89, "") -> 13.424622 | L89: {=_xlfn.IFS(C89<0,"DATO INVALIDO", C89+J89<I89,"PEDIR YA", C89<I89,"EN CAMINO OK", TRUE,"SANO")} -> SANO
A90: CD-LEO | B90: BOT-1013 | C90: 15116 | D90: 913.7 | E90: 146.9 | F90: 1.1 | G90: 0.6 | H90: =IFERROR(1.65*SQRT(F90*E90^2 + D90^2*G90^2), "") -> 939.60617 | I90: =IFERROR(D90*F90 + H90, "") -> 1944.6762 | J90: =SUMIFS(Transit_Clean[Quantity], Transit_Clean[Destination], A90, Transit_Clean[Item_Code], B90, Transit_Clean[SAP_Status], "In Transit") -> 5125 | K90: =IFERROR(C90/D90, "") -> 16.543723 | L90: {=_xlfn.IFS(C90<0,"DATO INVALIDO", C90+J90<I90,"PEDIR YA", C90<I90,"EN CAMINO OK", TRUE,"SANO")} -> SANO
A91: CD-TOL | B91: BEB-1008 | C91: 2432 | D91: 594.5 | E91: 100.6 | F91: 2 | G91: 0.5 | H91: =IFERROR(1.65*SQRT(F91*E91^2 + D91^2*G91^2), "") -> 543.74518 | I91: =IFERROR(D91*F91 + H91, "") -> 1732.7452 | J91: =SUMIFS(Transit_Clean[Quantity], Transit_Clean[Destination], A91, Transit_Clean[Item_Code], B91, Transit_Clean[SAP_Status], "In Transit") -> 0 | K91: =IFERROR(C91/D91, "") -> 4.0908326 | L91: {=_xlfn.IFS(C91<0,"DATO INVALIDO", C91+J91<I91,"PEDIR YA", C91<I91,"EN CAMINO OK", TRUE,"SANO")} -> SANO
A92: CD-CDMX | B92: ABA-1011 | C92: 2084 | D92: 236.9 | E92: 22.5 | F92: 1.2 | G92: 0.2 | H92: =IFERROR(1.65*SQRT(F92*E92^2 + D92^2*G92^2), "") -> 88.122427 | I92: =IFERROR(D92*F92 + H92, "") -> 372.40243 | J92: =SUMIFS(Transit_Clean[Quantity], Transit_Clean[Destination], A92, Transit_Clean[Item_Code], B92, Transit_Clean[SAP_Status], "In Transit") -> 0 | K92: =IFERROR(C92/D92, "") -> 8.7969607 | L92: {=_xlfn.IFS(C92<0,"DATO INVALIDO", C92+J92<I92,"PEDIR YA", C92<I92,"EN CAMINO OK", TRUE,"SANO")} -> SANO
A93: CD-VER | B93: LAC-1015 | C93: 2263 | D93: 199.8 | E93: 84.6 | F93: 3.4 | G93: 0.9 | H93: =IFERROR(1.65*SQRT(F93*E93^2 + D93^2*G93^2), "") -> 392.78865 | I93: =IFERROR(D93*F93 + H93, "") -> 1072.1086 | J93: =SUMIFS(Transit_Clean[Quantity], Transit_Clean[Destination], A93, Transit_Clean[Item_Code], B93, Transit_Clean[SAP_Status], "In Transit") -> 1235 | K93: =IFERROR(C93/D93, "") -> 11.326326 | L93: {=_xlfn.IFS(C93<0,"DATO INVALIDO", C93+J93<I93,"PEDIR YA", C93<I93,"EN CAMINO OK", TRUE,"SANO")} -> SANO
A94: CD-MOR | B94: BOT-1023 | C94: 3238 | D94: 268.6 | E94: 58.8 | F94: 2.5 | G94: 0.5 | H94: =IFERROR(1.65*SQRT(F94*E94^2 + D94^2*G94^2), "") -> 269.51168 | I94: =IFERROR(D94*F94 + H94, "") -> 941.01168 | J94: =SUMIFS(Transit_Clean[Quantity], Transit_Clean[Destination], A94, Transit_Clean[Item_Code], B94, Transit_Clean[SAP_Status], "In Transit") -> 0 | K94: =IFERROR(C94/D94, "") -> 12.055101 | L94: {=_xlfn.IFS(C94<0,"DATO INVALIDO", C94+J94<I94,"PEDIR YA", C94<I94,"EN CAMINO OK", TRUE,"SANO")} -> SANO
A95: CD-TIJ | B95: LAC-1013 | C95: 1712 | D95: 393.6 | E95: 143.9 | F95: 4.1 | G95: 1.5 | H95: =IFERROR(1.65*SQRT(F95*E95^2 + D95^2*G95^2), "") -> 1086.3364 | I95: =IFERROR(D95*F95 + H95, "") -> 2700.0964 | J95: =SUMIFS(Transit_Clean[Quantity], Transit_Clean[Destination], A95, Transit_Clean[Item_Code], B95, Transit_Clean[SAP_Status], "In Transit") -> 2673 | K95: =IFERROR(C95/D95, "") -> 4.3495935 | L95: {=_xlfn.IFS(C95<0,"DATO INVALIDO", C95+J95<I95,"PEDIR YA", C95<I95,"EN CAMINO OK", TRUE,"SANO")} -> EN CAMINO OK
A96: CD-CDMX | B96: BOT-1010 | C96: 1085 | D96: 329.2 | E96: 85.6 | F96: 1.3 | G96: 0.2 | H96: =IFERROR(1.65*SQRT(F96*E96^2 + D96^2*G96^2), "") -> 194.25535 | I96: =IFERROR(D96*F96 + H96, "") -> 622.21535 | J96: =SUMIFS(Transit_Clean[Quantity], Transit_Clean[Destination], A96, Transit_Clean[Item_Code], B96, Transit_Clean[SAP_Status], "In Transit") -> 696 | K96: =IFERROR(C96/D96, "") -> 3.2958688 | L96: {=_xlfn.IFS(C96<0,"DATO INVALIDO", C96+J96<I96,"PEDIR YA", C96<I96,"EN CAMINO OK", TRUE,"SANO")} -> SANO
... A113: CD-CDMX | B113: ABA-1010 | C113: 1589 | D113: 303.6 | E113: 34.4 | F113: 0.8 | G113: 0.2 | H113: =IFERROR(1.65*SQRT(F113*E113^2 + D113^2*G113^2), "") -> 112.31649 | I113: =IFERROR(D113*F113 + H113, "") -> 355.19649 | J113: =SUMIFS(Transit_Clean[Quantity], Transit_Clean[Destination], A113, Transit_Clean[Item_Code], B113, Transit_Clean[SAP_Status], "In Transit") -> 0 | K113: =IFERROR(C113/D113, "") -> 5.2338603 | L113: {=_xlfn.IFS(C113<0,"DATO INVALIDO", C113+J113<I113,"PEDIR YA", C113<I113,"EN CAMINO OK", TRUE,"SANO")} -> SANO
A114: CD-MTY | B114: BOT-1021 | D114: 687 | E114: 149.5 | F114: 1.1 | G114: 0.3 | H114: =IFERROR(1.65*SQRT(F114*E114^2 + D114^2*G114^2), "") -> 427.29102 | I114: =IFERROR(D114*F114 + H114, "") -> 1182.991 | J114: =SUMIFS(Transit_Clean[Quantity], Transit_Clean[Destination], A114, Transit_Clean[Item_Code], B114, Transit_Clean[SAP_Status], "In Transit") -> 0 | K114: =IFERROR(C114/D114, "") -> 0 | L114: {=_xlfn.IFS(C114<0,"DATO INVALIDO", C114+J114<I114,"PEDIR YA", C114<I114,"EN CAMINO OK", TRUE,"SANO")} -> PEDIR YA
A115: CD-MTY | B115: PRO-1010 | C115: 6970 | D115: 831.4 | E115: 363.7 | F115: 1.8 | G115: 0.3 | H115: =IFERROR(1.65*SQRT(F115*E115^2 + D115^2*G115^2), "") -> 904.2093 | I115: =IFERROR(D115*F115 + H115, "") -> 2400.7293 | J115: =SUMIFS(Transit_Clean[Quantity], Transit_Clean[Destination], A115, Transit_Clean[Item_Code], B115, Transit_Clean[SAP_Status], "In Transit") -> 0 | K115: =IFERROR(C115/D115, "") -> 8.3834496 | L115: {=_xlfn.IFS(C115<0,"DATO INVALIDO", C115+J115<I115,"PEDIR YA", C115<I115,"EN CAMINO OK", TRUE,"SANO")} -> SANO
A116: CD-CAN | B116: ABA-1011 | C116: 1368 | D116: 453.5 | E116: 57.9 | F116: 3.9 | G116: 1.6 | H116: =IFERROR(1.65*SQRT(F116*E116^2 + D116^2*G116^2), "") -> 1212.0143 | I116: =IFERROR(D116*F116 + H116, "") -> 2980.6643 | J116: =SUMIFS(Transit_Clean[Quantity], Transit_Clean[Destination], A116, Transit_Clean[Item_Code], B116, Transit_Clean[SAP_Status], "In Transit") -> 0 | K116: =IFERROR(C116/D116, "") -> 3.016538 | L116: {=_xlfn.IFS(C116<0,"DATO INVALIDO", C116+J116<I116,"PEDIR YA", C116<I116,"EN CAMINO OK", TRUE,"SANO")} -> PEDIR YA
A117: CD-MTY | B117: BOT-1001 | C117: 2696 | D117: 696.3 | E117: 141.1 | F117: 1 | G117: 0.3 | H117: =IFERROR(1.65*SQRT(F117*E117^2 + D117^2*G117^2), "") -> 415.93172 | I117: =IFERROR(D117*F117 + H117, "") -> 1112.2317 | J117: =SUMIFS(Transit_Clean[Quantity], Transit_Clean[Destination], A117, Transit_Clean[Item_Code], B117, Transit_Clean[SAP_Status], "In Transit") -> 0 | K117: =IFERROR(C117/D117, "") -> 3.8718943 | L117: {=_xlfn.IFS(C117<0,"DATO INVALIDO", C117+J117<I117,"PEDIR YA", C117<I117,"EN CAMINO OK", TRUE,"SANO")} -> SANO
A118: CD-QRO | B118: PRO-1013 | C118: 3357 | D118: 686.2 | E118: 392.3 | F118: 2.2 | G118: 0.4 | H118: =IFERROR(1.65*SQRT(F118*E118^2 + D118^2*G118^2), "") -> 1061.5512 | I118: =IFERROR(D118*F118 + H118, "") -> 2571.1912 | J118: =SUMIFS(Transit_Clean[Quantity], Transit_Clean[Destination], A118, Transit_Clean[Item_Code], B118, Transit_Clean[SAP_Status], "In Transit") -> 1621 | K118: =IFERROR(C118/D118, "") -> 4.8921597 | L118: {=_xlfn.IFS(C118<0,"DATO INVALIDO", C118+J118<I118,"PEDIR YA", C118<I118,"EN CAMINO OK", TRUE,"SANO")} -> SANO
A119: CD-MOR | B119: BEB-1015 | C119: 4639 | D119: 261 | E119: 29.3 | F119: 2.3 | G119: 0.5 | H119: =IFERROR(1.65*SQRT(F119*E119^2 + D119^2*G119^2), "") -> 227.46539 | I119: =IFERROR(D119*F119 + H119, "") -> 827.76539 | J119: =SUMIFS(Transit_Clean[Quantity], Transit_Clean[Destination], A119, Transit_Clean[Item_Code], B119, Transit_Clean[SAP_Status], "In Transit") -> 0 | K119: =IFERROR(C119/D119, "") -> 17.773946 | L119: {=_xlfn.IFS(C119<0,"DATO INVALIDO", C119+J119<I119,"PEDIR YA", C119<I119,"EN CAMINO OK", TRUE,"SANO")} -> SANO
A120: CD-TIJ | B120: LAC-1014 | C120: 3200 | D120: 425.4 | E120: 139.4 | F120: 3.2 | G120: 1.5 | H120: =IFERROR(1.65*SQRT(F120*E120^2 + D120^2*G120^2), "") -> 1130.4068 | I120: =IFERROR(D120*F120 + H120, "") -> 2491.6868 | J120: =SUMIFS(Transit_Clean[Quantity], Transit_Clean[Destination], A120, Transit_Clean[Item_Code], B120, Transit_Clean[SAP_Status], "In Transit") -> 2806 | K120: =IFERROR(C120/D120, "") -> 7.5223319 | L120: {=_xlfn.IFS(C120<0,"DATO INVALIDO", C120+J120<I120,"PEDIR YA", C120<I120,"EN CAMINO OK", TRUE,"SANO")} -> SANO
A121: CD-LEO | B121: BOT-1015 | C121: 999999 | D121: 824.6 | E121: 185.9 | F121: 1.1 | G121: 0.6 | H121: =IFERROR(1.65*SQRT(F121*E121^2 + D121^2*G121^2), "") -> 877.4559 | I121: =IFERROR(D121*F121 + H121, "") -> 1784.5159 | J121: =SUMIFS(Transit_Clean[Quantity], Transit_Clean[Destination], A121, Transit_Clean[Item_Code], B121, Transit_Clean[SAP_Status], "In Transit") -> 1979 | K121: =IFERROR(C121/D121, "") -> 1212.708 | L121: {=_xlfn.IFS(C121<0,"DATO INVALIDO", C121+J121<I121,"PEDIR YA", C121<I121,"EN CAMINO OK", TRUE,"SANO")} -> SANO
A122: CD-MOR | B122: BEB-1003 | C122: 1835 | D122: 230.7 | E122: 28.8 | F122: 2.2 | G122: 0.5 | H122: =IFERROR(1.65*SQRT(F122*E122^2 + D122^2*G122^2), "") -> 202.95933 | I122: =IFERROR(D122*F122 + H122, "") -> 710.49933 | J122: =SUMIFS(Transit_Clean[Quantity], Transit_Clean[Destination], A122, Transit_Clean[Item_Code], B122, Transit_Clean[SAP_Status], "In Transit") -> 0 | K122: =IFERROR(C122/D122, "") -> 7.9540529 | L122: {=_xlfn.IFS(C122<0,"DATO INVALIDO", C122+J122<I122,"PEDIR YA", C122<I122,"EN CAMINO OK", TRUE,"SANO")} -> SANO
A123: CD-CDMX | B123: BOT-1019 | C123: 4422 | D123: 717.5 | E123: 178.1 | F123: 1 | G123: 0.2 | H123: =IFERROR(1.65*SQRT(F123*E123^2 + D123^2*G123^2), "") -> 377.38447 | I123: =IFERROR(D123*F123 + H123, "") -> 1094.8845 | J123: =SUMIFS(Transit_Clean[Quantity], Transit_Clean[Destination], A123, Transit_Clean[Item_Code], B123, Transit_Clean[SAP_Status], "In Transit") -> 754 | K123: =IFERROR(C123/D123, "") -> 6.1630662 | L123: {=_xlfn.IFS(C123<0,"DATO INVALIDO", C123+J123<I123,"PEDIR YA", C123<I123,"EN CAMINO OK", TRUE,"SANO")} -> SANO
A124: CD-LEO | B124: LAC-1008 | C124: 5639 | D124: 459.5 | E124: 163.7 | F124: 2.3 | G124: 0.6 | H124: =IFERROR(1.65*SQRT(F124*E124^2 + D124^2*G124^2), "") -> 612.15929 | I124: =IFERROR(D124*F124 + H124, "") -> 1669.0093 | J124: =SUMIFS(Transit_Clean[Quantity], Transit_Clean[Destination], A124, Transit_Clean[Item_Code], B124, Transit_Clean[SAP_Status], "In Transit") -> 3264 | K124: =IFERROR(C124/D124, "") -> 12.272035 | L124: {=_xlfn.IFS(C124<0,"DATO INVALIDO", C124+J124<I124,"PEDIR YA", C124<I124,"EN CAMINO OK", TRUE,"SANO")} -> SANO
A125: CD-CDMX | B125: BOT-1011 | C125: 15892 | D125: 1047.8 | E125: 283.7 | F125: 1.2 | G125: 0.2 | H125: =IFERROR(1.65*SQRT(F125*E125^2 + D125^2*G125^2), "") -> 618.47102 | I125: =IFERROR(D125*F125 + H125, "") -> 1875.831 | J125: =SUMIFS(Transit_Clean[Quantity], Transit_Clean[Destination], A125, Transit_Clean[Item_Code], B125, Transit_Clean[SAP_Status], "In Transit") -> 0 | K125: =IFERROR(C125/D125, "") -> 15.167017 | L125: {=_xlfn.IFS(C125<0,"DATO INVALIDO", C125+J125<I125,"PEDIR YA", C125<I125,"EN CAMINO OK", TRUE,"SANO")} -> SANO
A126: CD-VER | B126: BEB-1001 | C126: 3444 | D126: 595.3 | E126: 96.1 | F126: 4.5 | G126: 0.9 | H126: =IFERROR(1.65*SQRT(F126*E126^2 + D126^2*G126^2), "") -> 945.85153 | I126: =IFERROR(D126*F126 + H126, "") -> 3624.7015 | J126: =SUMIFS(Transit_Clean[Quantity], Transit_Clean[Destination], A126, Transit_Clean[Item_Code], B126, Transit_Clean[SAP_Status], "In Transit") -> 0 | K126: =IFERROR(C126/D126, "") -> 5.7853183 | L126: {=_xlfn.IFS(C126<0,"DATO INVALIDO", C126+J126<I126,"PEDIR YA", C126<I126,"EN CAMINO OK", TRUE,"SANO")} -> PEDIR YA
... A214: CD-MTY | B214: BOT-1022 | C214: 7174 | D214: 928 | E214: 171 | F214: 1.3 | G214: 0.3 | H214: =IFERROR(1.65*SQRT(F214*E214^2 + D214^2*G214^2), "") -> 560.80551 | I214: =IFERROR(D214*F214 + H214, "") -> 1767.2055 | J214: =SUMIFS(Transit_Clean[Quantity], Transit_Clean[Destination], A214, Transit_Clean[Item_Code], B214, Transit_Clean[SAP_Status], "In Transit") -> 0 | K214: =IFERROR(C214/D214, "") -> 7.7306034 | L214: {=_xlfn.IFS(C214<0,"DATO INVALIDO", C214+J214<I214,"PEDIR YA", C214<I214,"EN CAMINO OK", TRUE,"SANO")} -> SANO
A215: CD-PUE | B215: BOT-1011 | C215: 767 | E215: 167.5 | F215: 1 | G215: 0.3 | H215: =IFERROR(1.65*SQRT(F215*E215^2 + D215^2*G215^2), "") -> 276.375 | I215: =IFERROR(D215*F215 + H215, "") -> 276.375 | J215: =SUMIFS(Transit_Clean[Quantity], Transit_Clean[Destination], A215, Transit_Clean[Item_Code], B215, Transit_Clean[SAP_Status], "In Transit") -> 0 | K215: =IFERROR(C215/D215, "") | L215: {=_xlfn.IFS(C215<0,"DATO INVALIDO", C215+J215<I215,"PEDIR YA", C215<I215,"EN CAMINO OK", TRUE,"SANO")} -> SANO
A216: CD-CAN | B216: BOT-1012 | C216: 3419 | D216: 255.3 | E216: 64.4 | F216: 7.8 | G216: 1.6 | H216: =IFERROR(1.65*SQRT(F216*E216^2 + D216^2*G216^2), "") -> 736.43498 | I216: =IFERROR(D216*F216 + H216, "") -> 2727.775 | J216: =SUMIFS(Transit_Clean[Quantity], Transit_Clean[Destination], A216, Transit_Clean[Item_Code], B216, Transit_Clean[SAP_Status], "In Transit") -> 3991 | K216: =IFERROR(C216/D216, "") -> 13.392088 | L216: {=_xlfn.IFS(C216<0,"DATO INVALIDO", C216+J216<I216,"PEDIR YA", C216<I216,"EN CAMINO OK", TRUE,"SANO")} -> SANO
A217: CD-MER | B217: BEB-1002 | C217: 4146 | D217: 308.6 | E217: 35.4 | F217: 5.5 | G217: 1.3 | H217: =IFERROR(1.65*SQRT(F217*E217^2 + D217^2*G217^2), "") -> 675.97214 | I217: =IFERROR(D217*F217 + H217, "") -> 2373.2721 | J217: =SUMIFS(Transit_Clean[Quantity], Transit_Clean[Destination], A217, Transit_Clean[Item_Code], B217, Transit_Clean[SAP_Status], "In Transit") -> 0 | K217: =IFERROR(C217/D217, "") -> 13.434867 | L217: {=_xlfn.IFS(C217<0,"DATO INVALIDO", C217+J217<I217,"PEDIR YA", C217<I217,"EN CAMINO OK", TRUE,"SANO")} -> SANO
A218: CD-CHI | B218: PRO-1000 | C218: 6350 | D218: 441.2 | E218: 203.7 | F218: 3.3 | G218: 1 | H218: =IFERROR(1.65*SQRT(F218*E218^2 + D218^2*G218^2), "") -> 950.12871 | I218: =IFERROR(D218*F218 + H218, "") -> 2406.0887 | J218: =SUMIFS(Transit_Clean[Quantity], Transit_Clean[Destination], A218, Transit_Clean[Item_Code], B218, Transit_Clean[SAP_Status], "In Transit") -> 518 | K218: =IFERROR(C218/D218, "") -> 14.392566 | L218: {=_xlfn.IFS(C218<0,"DATO INVALIDO", C218+J218<I218,"PEDIR YA", C218<I218,"EN CAMINO OK", TRUE,"SANO")} -> SANO
A219: CD-LEO | B219: BOT-1019 | C219: 5817 | D219: 714.9 | E219: 207 | F219: 1.8 | G219: 0.6 | H219: =IFERROR(1.65*SQRT(F219*E219^2 + D219^2*G219^2), "") -> 843.14471 | I219: =IFERROR(D219*F219 + H219, "") -> 2129.9647 | J219: =SUMIFS(Transit_Clean[Quantity], Transit_Clean[Destination], A219, Transit_Clean[Item_Code], B219, Transit_Clean[SAP_Status], "In Transit") -> 0 | K219: =IFERROR(C219/D219, "") -> 8.1368023 | L219: {=_xlfn.IFS(C219<0,"DATO INVALIDO", C219+J219<I219,"PEDIR YA", C219<I219,"EN CAMINO OK", TRUE,"SANO")} -> SANO
A220: CD-CAN | B220: ABA-1012 | C220: 465 | D220: 392.2 | E220: 46.2 | F220: 4 | G220: 1.6 | H220: =IFERROR(1.65*SQRT(F220*E220^2 + D220^2*G220^2), "") -> 1046.5724 | I220: =IFERROR(D220*F220 + H220, "") -> 2615.3724 | J220: =SUMIFS(Transit_Clean[Quantity], Transit_Clean[Destination], A220, Transit_Clean[Item_Code], B220, Transit_Clean[SAP_Status], "In Transit") -> 1481 | K220: =IFERROR(C220/D220, "") -> 1.1856196 | L220: {=_xlfn.IFS(C220<0,"DATO INVALIDO", C220+J220<I220,"PEDIR YA", C220<I220,"EN CAMINO OK", TRUE,"SANO")} -> PEDIR YA
A221: CD-CDMX | B221: BOT-1007 | C221: 6116 | D221: 517.8 | E221: 123.5 | F221: 0.9 | G221: 0.2 | H221: =IFERROR(1.65*SQRT(F221*E221^2 + D221^2*G221^2), "") -> 258.01114 | I221: =IFERROR(D221*F221 + H221, "") -> 724.03114 | J221: =SUMIFS(Transit_Clean[Quantity], Transit_Clean[Destination], A221, Transit_Clean[Item_Code], B221, Transit_Clean[SAP_Status], "In Transit") -> 0 | K221: =IFERROR(C221/D221, "") -> 11.81151 | L221: {=_xlfn.IFS(C221<0,"DATO INVALIDO", C221+J221<I221,"PEDIR YA", C221<I221,"EN CAMINO OK", TRUE,"SANO")} -> SANO
A222: CD-LEO | B222: LAC-1010 | C222: 2945 | D222: 342 | E222: 99.1 | F222: 1.6 | G222: 0.6 | H222: =IFERROR(1.65*SQRT(F222*E222^2 + D222^2*G222^2), "") -> 396.75668 | I222: =IFERROR(D222*F222 + H222, "") -> 943.95668 | J222: =SUMIFS(Transit_Clean[Quantity], Transit_Clean[Destination], A222, Transit_Clean[Item_Code], B222, Transit_Clean[SAP_Status], "In Transit") -> 0 | K222: =IFERROR(C222/D222, "") -> 8.6111111 | L222: {=_xlfn.IFS(C222<0,"DATO INVALIDO", C222+J222<I222,"PEDIR YA", C222<I222,"EN CAMINO OK", TRUE,"SANO")} -> SANO
A223: CD-MOR | B223: BEB-1007 | C223: 1666 | D223: 246.7 | E223: 44.1 | F223: 1.9 | G223: 0.5 | H223: =IFERROR(1.65*SQRT(F223*E223^2 + D223^2*G223^2), "") -> 226.89967 | I223: =IFERROR(D223*F223 + H223, "") -> 695.62967 | J223: =SUMIFS(Transit_Clean[Quantity], Transit_Clean[Destination], A223, Transit_Clean[Item_Code], B223, Transit_Clean[SAP_Status], "In Transit") -> 0 | K223: =IFERROR(C223/D223, "") -> 6.7531415 | L223: {=_xlfn.IFS(C223<0,"DATO INVALIDO", C223+J223<I223,"PEDIR YA", C223<I223,"EN CAMINO OK", TRUE,"SANO")} -> SANO
A224: CD-MTY | B224: BOT-1016 | C224: 15661 | D224: 987.7 | E224: 239 | F224: 1.2 | G224: 0.3 | H224: =IFERROR(1.65*SQRT(F224*E224^2 + D224^2*G224^2), "") -> 652.41763 | I224: =IFERROR(D224*F224 + H224, "") -> 1837.6576 | J224: =SUMIFS(Transit_Clean[Quantity], Transit_Clean[Destination], A224, Transit_Clean[Item_Code], B224, Transit_Clean[SAP_Status], "In Transit") -> 1280 | K224: =IFERROR(C224/D224, "") -> 15.856029 | L224: {=_xlfn.IFS(C224<0,"DATO INVALIDO", C224+J224<I224,"PEDIR YA", C224<I224,"EN CAMINO OK", TRUE,"SANO")} -> SANO
A225: CD-SAL | B225: BEB-1003 | C225: 4488 | D225: 495.9 | E225: 75.6 | F225: 1.4 | G225: 0.5 | H225: =IFERROR(1.65*SQRT(F225*E225^2 + D225^2*G225^2), "") -> 434.92669 | I225: =IFERROR(D225*F225 + H225, "") -> 1129.1867 | J225: =SUMIFS(Transit_Clean[Quantity], Transit_Clean[Destination], A225, Transit_Clean[Item_Code], B225, Transit_Clean[SAP_Status], "In Transit") -> 0 | K225: =IFERROR(C225/D225, "") -> 9.0502117 | L225: {=_xlfn.IFS(C225<0,"DATO INVALIDO", C225+J225<I225,"PEDIR YA", C225<I225,"EN CAMINO OK", TRUE,"SANO")} -> SANO
A226: CD-TIJ | B226: ABA-1003 | C226: 7145 | D226: 398.8 | E226: 58.5 | F226: 5.6 | G226: 1.5 | H226: =IFERROR(1.65*SQRT(F226*E226^2 + D226^2*G226^2), "") -> 1013.1159 | I226: =IFERROR(D226*F226 + H226, "") -> 3246.3959 | J226: =SUMIFS(Transit_Clean[Quantity], Transit_Clean[Destination], A226, Transit_Clean[Item_Code], B226, Transit_Clean[SAP_Status], "In Transit") -> 0 | K226: =IFERROR(C226/D226, "") -> 17.916249 | L226: {=_xlfn.IFS(C226<0,"DATO INVALIDO", C226+J226<I226,"PEDIR YA", C226<I226,"EN CAMINO OK", TRUE,"SANO")} -> SANO
A227: CD-QRO | B227: LAC-1002 | C227: 5800 | D227: 335.8 | E227: 127.5 | F227: 2.1 | G227: 0.4 | H227: =IFERROR(1.65*SQRT(F227*E227^2 + D227^2*G227^2), "") -> 376.9085 | I227: =IFERROR(D227*F227 + H227, "") -> 1082.0885 | J227: =SUMIFS(Transit_Clean[Quantity], Transit_Clean[Destination], A227, Transit_Clean[Item_Code], B227, Transit_Clean[SAP_Status], "In Transit") -> 0 | K227: =IFERROR(C227/D227, "") -> 17.272186 | L227: {=_xlfn.IFS(C227<0,"DATO INVALIDO", C227+J227<I227,"PEDIR YA", C227<I227,"EN CAMINO OK", TRUE,"SANO")} -> SANO
... A233: CD-CAN | B233: BOT-1004 | C233: 1731 | D233: 637.6 | E233: 158.2 | F233: 7.5 | G233: 1.6 | H233: =IFERROR(1.65*SQRT(F233*E233^2 + D233^2*G233^2), "") -> 1828.7708 | I233: =IFERROR(D233*F233 + H233, "") -> 6610.7708 | J233: =SUMIFS(Transit_Clean[Quantity], Transit_Clean[Destination], A233, Transit_Clean[Item_Code], B233, Transit_Clean[SAP_Status], "In Transit") -> 0 | K233: =IFERROR(C233/D233, "") -> 2.7148683 | L233: {=_xlfn.IFS(C233<0,"DATO INVALIDO", C233+J233<I233,"PEDIR YA", C233<I233,"EN CAMINO OK", TRUE,"SANO")} -> PEDIR YA
...
